{
	"credit": "Made with Blockbench",
	"ambientocclusion": false,
	"texture_size": [32, 32],
	"textures": {
		"0": "RELOADED:blocks/pipe",
		"1": "RELOADED:blocks/support_block",
		"particle": "RELOADED:blocks/pipe"
	},
	"elements": [
		{
			"from": [0, 0, 0],
			"to": [16, 16, 16],
			"faces": {
				"north": {"uv": [0, 0, 16, 16], "texture": "#0"},
				"east": {"uv": [0, 0, 16, 16], "texture": "#0"},
				"south": {"uv": [0, 0, 16, 16], "texture": "#0"},
				"west": {"uv": [0, 0, 16, 16], "texture": "#0"},
				"up": {"uv": [0, 8, 8, 16], "texture": "#1"},
				"down": {"uv": [0, 8, 8, 16], "texture": "#1"}
			}
		},
		{
			"from": [8, 14.5, 8],
			"to": [17, 17.5, 17],
			"faces": {
				"north": {"uv": [11.5, 9.5, 16, 11], "texture": "#1"},
				"east": {"uv": [8, 9.5, 12.5, 11], "texture": "#1"},
				"south": {"uv": [11.5, 9.5, 16, 11], "texture": "#1"},
				"west": {"uv": [11.5, 9.5, 16, 11], "texture": "#1"},
				"up": {"uv": [3.5, 11.5, 8, 16], "texture": "#1"},
				"down": {"uv": [3.5, 8, 8, 12.5], "texture": "#1"}
			}
		},
		{
			"from": [-1, 14.5, 8],
			"to": [8, 17.5, 17],
			"faces": {
				"north": {"uv": [11.5, 9.5, 16, 11], "texture": "#1"},
				"east": {"uv": [8, 9.5, 12.5, 11], "texture": "#1"},
				"south": {"uv": [8, 9.5, 12.5, 11], "texture": "#1"},
				"west": {"uv": [11.5, 9.5, 16, 11], "texture": "#1"},
				"up": {"uv": [0, 11.5, 4.5, 16], "texture": "#1"},
				"down": {"uv": [0, 8, 4.5, 12.5], "texture": "#1"}
			}
		},
		{
			"from": [-1, 14.5, -1],
			"to": [8, 17.5, 8],
			"faces": {
				"north": {"uv": [11.5, 9.5, 16, 11], "texture": "#1"},
				"east": {"uv": [8, 9.5, 12.5, 11], "texture": "#1"},
				"south": {"uv": [8, 9.5, 12.5, 11], "texture": "#1"},
				"west": {"uv": [8, 9.5, 12.5, 11], "texture": "#1"},
				"up": {"uv": [0, 8, 4.5, 12.5], "texture": "#1"},
				"down": {"uv": [0, 11.5, 4.5, 16], "texture": "#1"}
			}
		},
		{
			"from": [8, 14.5, -1],
			"to": [17, 17.5, 8],
			"faces": {
				"north": {"uv": [8, 9.5, 12.5, 11], "texture": "#1"},
				"east": {"uv": [11.5, 9.5, 16, 11], "texture": "#1"},
				"south": {"uv": [8, 9.5, 12.5, 11], "texture": "#1"},
				"west": {"uv": [8, 9.5, 12.5, 11], "texture": "#1"},
				"up": {"uv": [3.5, 8, 8, 12.5], "texture": "#1"},
				"down": {"uv": [3.5, 11.5, 8, 16], "texture": "#1"}
			}
		}
	],
	"display": {
		"thirdperson_righthand": {
			"rotation": [75, 45, 0],
			"translation": [0, 2.5, 0],
			"scale": [0.375, 0.375, 0.375]
		},
		"thirdperson_lefthand": {
			"rotation": [75, 45, 0],
			"translation": [0, 2.5, 0],
			"scale": [0.375, 0.375, 0.375]
		},
		"firstperson_righthand": {
			"rotation": [0, 45, 0],
			"scale": [0.4, 0.4, 0.4]
		},
		"firstperson_lefthand": {
			"rotation": [0, 225, 0],
			"scale": [0.4, 0.4, 0.4]
		},
		"ground": {
			"translation": [0, 3, 0],
			"scale": [0.25, 0.25, 0.25]
		},
		"gui": {
			"rotation": [30, 225, 0],
			"scale": [0.625, 0.625, 0.625]
		},
		"fixed": {
			"scale": [0.5, 0.5, 0.5]
		}
	},
	"groups": [
		0,
		{
			"name": "group",
			"origin": [0, 0, 0],
			"color": 0,
			"nbt": "{}",
			"armAnimationEnabled": false,
			"children": [1, 2, 3, 4]
		}
	]
}