{
	"credit": "Made with Blockbench",
	"ambientocclusion": false,
	"texture_size": [32, 32],
	"textures": {
		"0": "RELOADED:blocks/panel/casing",
		"2": "RELOADED:blocks/panel/black_panel/broken_dirty_black_panel_1",
		"4": "RELOADED:blocks/panel/black_panel/dirty_black_panel",
		"5": "RELOADED:blocks/panel/black_panel/dirty_black_panel_tiles",
		"particle": "RELOADED:blocks/panel/casing"
	},
	"elements": [
		{
			"from": [0, 0, 3],
			"to": [1, 16, 3],
			"faces": {
				"north": {"uv": [0, 8, 0.5, 16], "texture": "#0"},
				"east": {"uv": [0, 8, 0.5, 16], "texture": "#0"},
				"south": {"uv": [0, 8, 0.5, 16], "texture": "#0"},
				"west": {"uv": [0, 8, 0.5, 16], "texture": "#0"},
				"up": {"uv": [0, 8, 0.5, 8.5], "texture": "#0"},
				"down": {"uv": [0, 8, 0.5, 8.5], "texture": "#0"}
			}
		},
		{
			"from": [15, 0, 3],
			"to": [16, 16, 3],
			"faces": {
				"north": {"uv": [0, 8, 0.5, 16], "texture": "#0"},
				"east": {"uv": [0, 8, 0.5, 16], "texture": "#0"},
				"south": {"uv": [0, 8, 0.5, 16], "texture": "#0"},
				"west": {"uv": [0, 8, 0.5, 16], "texture": "#0"},
				"up": {"uv": [0, 8, 0.5, 8.5], "texture": "#0"},
				"down": {"uv": [0, 8, 0.5, 8.5], "texture": "#0"}
			}
		},
		{
			"from": [0, 15, 3],
			"to": [16, 16, 3],
			"faces": {
				"north": {"uv": [0, 8, 8, 8.5], "texture": "#0"},
				"east": {"uv": [0, 8, 0.5, 8.5], "texture": "#0"},
				"south": {"uv": [0, 8, 8, 8.5], "texture": "#0"},
				"west": {"uv": [0, 8, 0.5, 8.5], "texture": "#0"},
				"up": {"uv": [0, 8, 8, 8.5], "texture": "#0"},
				"down": {"uv": [0, 8, 8, 8.5], "texture": "#0"}
			}
		},
		{
			"from": [0, 0, 3],
			"to": [16, 1, 3],
			"faces": {
				"north": {"uv": [0, 8, 8, 8.5], "texture": "#0"},
				"east": {"uv": [0, 8, 0.5, 8.5], "texture": "#0"},
				"south": {"uv": [0, 8, 8, 8.5], "texture": "#0"},
				"west": {"uv": [0, 8, 0.5, 8.5], "texture": "#0"},
				"up": {"uv": [0, 8, 8, 8.5], "texture": "#0"},
				"down": {"uv": [0, 8, 8, 8.5], "texture": "#0"}
			}
		},
		{
			"from": [0, 0, 4],
			"to": [16, 1, 4],
			"faces": {
				"north": {"uv": [0, 8, 8, 8.5], "texture": "#0"},
				"east": {"uv": [0, 8, 0.5, 8.5], "texture": "#0"},
				"south": {"uv": [0, 8, 8, 8.5], "texture": "#0"},
				"west": {"uv": [0, 8, 0.5, 8.5], "texture": "#0"},
				"up": {"uv": [0, 8, 8, 8.5], "texture": "#0"},
				"down": {"uv": [0, 8, 8, 8.5], "texture": "#0"}
			}
		},
		{
			"from": [0, 15, 4],
			"to": [16, 16, 4],
			"faces": {
				"north": {"uv": [0, 8, 8, 8.5], "texture": "#0"},
				"east": {"uv": [0, 8, 0.5, 8.5], "texture": "#0"},
				"south": {"uv": [0, 8, 8, 8.5], "texture": "#0"},
				"west": {"uv": [0, 8, 0.5, 8.5], "texture": "#0"},
				"up": {"uv": [0, 8, 8, 8.5], "texture": "#0"},
				"down": {"uv": [0, 8, 8, 8.5], "texture": "#0"}
			}
		},
		{
			"from": [15, 0, 4],
			"to": [16, 16, 4],
			"faces": {
				"north": {"uv": [0, 8, 0.5, 16], "texture": "#0"},
				"east": {"uv": [0, 8, 0.5, 16], "texture": "#0"},
				"south": {"uv": [0, 8, 0.5, 16], "texture": "#0"},
				"west": {"uv": [0, 8, 0.5, 16], "texture": "#0"},
				"up": {"uv": [0, 8, 0.5, 8.5], "texture": "#0"},
				"down": {"uv": [0, 8, 0.5, 8.5], "texture": "#0"}
			}
		},
		{
			"from": [0, 0, 4],
			"to": [1, 16, 4],
			"faces": {
				"north": {"uv": [0, 8, 0.5, 16], "texture": "#0"},
				"east": {"uv": [0, 8, 0.5, 16], "texture": "#0"},
				"south": {"uv": [0, 8, 0.5, 16], "texture": "#0"},
				"west": {"uv": [0, 8, 0.5, 16], "texture": "#0"},
				"up": {"uv": [0, 8, 0.5, 8.5], "texture": "#0"},
				"down": {"uv": [0, 8, 0.5, 8.5], "texture": "#0"}
			}
		},
		{
			"from": [0, 0, 12],
			"to": [1, 16, 12],
			"faces": {
				"north": {"uv": [0, 8, 0.5, 16], "texture": "#0"},
				"east": {"uv": [0, 8, 0.5, 16], "texture": "#0"},
				"south": {"uv": [0, 8, 0.5, 16], "texture": "#0"},
				"west": {"uv": [0, 8, 0.5, 16], "texture": "#0"},
				"up": {"uv": [0, 8, 0.5, 8.5], "texture": "#0"},
				"down": {"uv": [0, 8, 0.5, 8.5], "texture": "#0"}
			}
		},
		{
			"from": [15, 0, 12],
			"to": [16, 16, 12],
			"faces": {
				"north": {"uv": [0, 8, 0.5, 16], "texture": "#0"},
				"east": {"uv": [0, 8, 0.5, 16], "texture": "#0"},
				"south": {"uv": [0, 8, 0.5, 16], "texture": "#0"},
				"west": {"uv": [0, 8, 0.5, 16], "texture": "#0"},
				"up": {"uv": [0, 8, 0.5, 8.5], "texture": "#0"},
				"down": {"uv": [0, 8, 0.5, 8.5], "texture": "#0"}
			}
		},
		{
			"from": [0, 15, 12],
			"to": [16, 16, 12],
			"faces": {
				"north": {"uv": [0, 8, 8, 8.5], "texture": "#0"},
				"east": {"uv": [0, 8, 0.5, 8.5], "texture": "#0"},
				"south": {"uv": [0, 8, 8, 8.5], "texture": "#0"},
				"west": {"uv": [0, 8, 0.5, 8.5], "texture": "#0"},
				"up": {"uv": [0, 8, 8, 8.5], "texture": "#0"},
				"down": {"uv": [0, 8, 8, 8.5], "texture": "#0"}
			}
		},
		{
			"from": [0, 0, 12],
			"to": [16, 1, 12],
			"faces": {
				"north": {"uv": [0, 8, 8, 8.5], "texture": "#0"},
				"east": {"uv": [0, 8, 0.5, 8.5], "texture": "#0"},
				"south": {"uv": [0, 8, 8, 8.5], "texture": "#0"},
				"west": {"uv": [0, 8, 0.5, 8.5], "texture": "#0"},
				"up": {"uv": [0, 8, 8, 8.5], "texture": "#0"},
				"down": {"uv": [0, 8, 8, 8.5], "texture": "#0"}
			}
		},
		{
			"from": [0, 0, 13],
			"to": [16, 1, 13],
			"faces": {
				"north": {"uv": [0, 8, 8, 8.5], "texture": "#0"},
				"east": {"uv": [0, 8, 0.5, 8.5], "texture": "#0"},
				"south": {"uv": [0, 8, 8, 8.5], "texture": "#0"},
				"west": {"uv": [0, 8, 0.5, 8.5], "texture": "#0"},
				"up": {"uv": [0, 8, 8, 8.5], "texture": "#0"},
				"down": {"uv": [0, 8, 8, 8.5], "texture": "#0"}
			}
		},
		{
			"from": [0, 15, 13],
			"to": [16, 16, 13],
			"faces": {
				"north": {"uv": [0, 8, 8, 8.5], "texture": "#0"},
				"east": {"uv": [0, 8, 0.5, 8.5], "texture": "#0"},
				"south": {"uv": [0, 8, 8, 8.5], "texture": "#0"},
				"west": {"uv": [0, 8, 0.5, 8.5], "texture": "#0"},
				"up": {"uv": [0, 8, 8, 8.5], "texture": "#0"},
				"down": {"uv": [0, 8, 8, 8.5], "texture": "#0"}
			}
		},
		{
			"from": [15, 0, 13],
			"to": [16, 16, 13],
			"faces": {
				"north": {"uv": [0, 8, 0.5, 16], "texture": "#0"},
				"east": {"uv": [0, 8, 0.5, 16], "texture": "#0"},
				"south": {"uv": [0, 8, 0.5, 16], "texture": "#0"},
				"west": {"uv": [0, 8, 0.5, 16], "texture": "#0"},
				"up": {"uv": [0, 8, 0.5, 8.5], "texture": "#0"},
				"down": {"uv": [0, 8, 0.5, 8.5], "texture": "#0"}
			}
		},
		{
			"from": [0, 0, 13],
			"to": [1, 16, 13],
			"faces": {
				"north": {"uv": [0, 8, 0.5, 16], "texture": "#0"},
				"east": {"uv": [0, 8, 0.5, 16], "texture": "#0"},
				"south": {"uv": [0, 8, 0.5, 16], "texture": "#0"},
				"west": {"uv": [0, 8, 0.5, 16], "texture": "#0"},
				"up": {"uv": [0, 8, 0.5, 8.5], "texture": "#0"},
				"down": {"uv": [0, 8, 0.5, 8.5], "texture": "#0"}
			}
		},
		{
			"from": [0, 0, 0],
			"to": [16, 16, 0],
			"faces": {
				"north": {"uv": [0, 0, 16, 16], "texture": "#2"},
				"east": {"uv": [0, 0, 0, 16], "texture": "#2"},
				"south": {"uv": [16, 0, 0, 16], "texture": "#2"},
				"west": {"uv": [0, 0, 0, 16], "texture": "#2"},
				"up": {"uv": [0, 0, 16, 0], "texture": "#2"},
				"down": {"uv": [0, 0, 16, 0], "texture": "#2"}
			}
		},
		{
			"from": [0, 0, 16],
			"to": [16, 16, 16],
			"faces": {
				"north": {"uv": [0, 0, 16, 16], "texture": "#2"},
				"east": {"uv": [0, 0, 0, 16], "texture": "#2"},
				"south": {"uv": [16, 0, 0, 16], "texture": "#2"},
				"west": {"uv": [0, 0, 0, 16], "texture": "#2"},
				"up": {"uv": [0, 0, 16, 0], "texture": "#2"},
				"down": {"uv": [0, 0, 16, 0], "texture": "#2"}
			}
		},
		{
			"from": [16, 0, 0],
			"to": [16, 16, 16],
			"faces": {
				"north": {"uv": [0, 0, 16, 16], "texture": "#4"},
				"east": {"uv": [0, 0, 16, 16], "texture": "#4"},
				"south": {"uv": [0, 0, 16, 16], "texture": "#4"},
				"west": {"uv": [0, 0, 16, 16], "texture": "#4"},
				"up": {"uv": [0, 0, 16, 16], "texture": "#4"},
				"down": {"uv": [0, 0, 16, 16], "texture": "#4"}
			}
		},
		{
			"from": [0, 11, 0],
			"to": [0, 16, 16],
			"faces": {
				"north": {"uv": [0, 0, 16, 16], "texture": "#4"},
				"east": {"uv": [0, 0, 16, 5], "texture": "#4"},
				"south": {"uv": [0, 0, 16, 16], "texture": "#4"},
				"west": {"uv": [0, 0, 16, 5], "texture": "#4"},
				"up": {"uv": [0, 0, 16, 16], "texture": "#4"},
				"down": {"uv": [0, 0, 16, 16], "texture": "#4"}
			}
		},
		{
			"from": [0, 16, 0],
			"to": [16, 16, 16],
			"faces": {
				"north": {"uv": [0, 0, 16, 16], "texture": "#5"},
				"east": {"uv": [0, 0, 16, 16], "texture": "#5"},
				"south": {"uv": [0, 0, 16, 16], "texture": "#5"},
				"west": {"uv": [0, 0, 16, 16], "texture": "#5"},
				"up": {"uv": [0, 0, 16, 16], "texture": "#5"},
				"down": {"uv": [0, 0, 16, 16], "texture": "#5"}
			}
		},
		{
			"from": [12, 0, 0],
			"to": [16, 0, 16],
			"faces": {
				"north": {"uv": [0, 0, 16, 16], "texture": "#5"},
				"east": {"uv": [0, 0, 16, 16], "texture": "#5"},
				"south": {"uv": [0, 0, 16, 16], "texture": "#5"},
				"west": {"uv": [0, 0, 16, 16], "texture": "#5"},
				"up": {"uv": [0, 0, 4, 16], "texture": "#5"},
				"down": {"uv": [0, 0, 4, 16], "texture": "#5"}
			}
		}
	],
	"display": {
		"thirdperson_righthand": {
			"rotation": [75, 45, 0],
			"translation": [0, 2.5, 0],
			"scale": [0.375, 0.375, 0.375]
		},
		"thirdperson_lefthand": {
			"rotation": [75, 45, 0],
			"translation": [0, 2.5, 0],
			"scale": [0.375, 0.375, 0.375]
		},
		"firstperson_righthand": {
			"rotation": [0, 45, 0],
			"scale": [0.4, 0.4, 0.4]
		},
		"firstperson_lefthand": {
			"rotation": [0, 225, 0],
			"scale": [0.4, 0.4, 0.4]
		},
		"ground": {
			"translation": [0, 3, 0],
			"scale": [0.25, 0.25, 0.25]
		},
		"gui": {
			"rotation": [30, 225, 0],
			"scale": [0.625, 0.625, 0.625]
		},
		"fixed": {
			"scale": [0.5, 0.5, 0.5]
		}
	},
	"groups": [
		{
			"name": "group",
			"origin": [0, 0, 0],
			"color": 0,
			"nbt": "{}",
			"armAnimationEnabled": false,
			"children": [0, 1, 2, 3, 4, 5, 6, 7]
		},
		{
			"name": "group",
			"origin": [0, 0, 0],
			"color": 0,
			"nbt": "{}",
			"armAnimationEnabled": false,
			"children": [8, 9, 10, 11, 12, 13, 14, 15]
		},
		16,
		17,
		18,
		19,
		20,
		21
	]
}