{
	"credit": "Made with Blockbench",
	"ambientocclusion": false,
	"texture_size": [32, 32],
	"textures": {
		"2": "RELOADED:blocks/catwalk_bars",
		"3": "RELOADED:blocks/catwalk_turn",
		"4": "RELOADED:blocks/catwalk_side",
		"5": "RELOADED:blocks/catwalk",
		"particle": "RELOADED:blocks/catwalk"
	},
	"elements": [
		{
			"from": [-10, -3.01, 6],
			"to": [10, -0.01, 26],
			"faces": {
				"south": {"uv": [0, 1.5, 10, 3], "texture": "#4"},
				"west": {"uv": [0, 1.5, 10, 3], "texture": "#4"},
				"up": {"uv": [0, 10, 10, 0], "texture": "#3"},
				"down": {"uv": [0, 0, 10, 10], "texture": "#3"}
			}
		},
		{
			"from": [-10, -3.01, 0],
			"to": [10, -0.01, 6],
			"faces": {
				"east": {"uv": [3, 0, 0, 1.5], "texture": "#4"},
				"south": {"uv": [0, 1.5, 10, 3], "texture": "#4"},
				"west": {"uv": [0, 0, 3, 1.5], "texture": "#4"},
				"up": {"uv": [0, 8, 10, 5], "texture": "#5"},
				"down": {"uv": [0, 5, 10, 8], "texture": "#5"}
			}
		},
		{
			"from": [-9, 0, 0],
			"to": [-9, 16, 3],
			"faces": {
				"north": {"uv": [8, 0, 0, 8], "texture": "#2"},
				"east": {"uv": [4, 0, 2.5, 8], "texture": "#2"},
				"south": {"uv": [8, 0, 0, 8], "texture": "#2"},
				"west": {"uv": [4, 0, 2.5, 8], "texture": "#2"},
				"up": {"uv": [8, 0, 0, 8], "texture": "#2"},
				"down": {"uv": [8, 0, 0, 8], "texture": "#2"}
			}
		},
		{
			"from": [-9, 0, 3],
			"to": [-9, 16, 6],
			"faces": {
				"north": {"uv": [8, 0, 0, 8], "texture": "#2"},
				"east": {"uv": [4, 0, 2.5, 8], "texture": "#2"},
				"south": {"uv": [8, 0, 0, 8], "texture": "#2"},
				"west": {"uv": [4, 0, 2.5, 8], "texture": "#2"},
				"up": {"uv": [8, 0, 0, 8], "texture": "#2"},
				"down": {"uv": [8, 0, 0, 8], "texture": "#2"}
			}
		},
		{
			"from": [10, 0, 25],
			"to": [13, 16, 25],
			"rotation": {"angle": 0, "axis": "y", "origin": [0, 0, 16]},
			"faces": {
				"north": {"uv": [4, 0, 2.5, 8], "texture": "#2"},
				"east": {"uv": [8, 0, 0, 8], "texture": "#2"},
				"south": {"uv": [4, 0, 2.5, 8], "texture": "#2"},
				"west": {"uv": [8, 0, 0, 8], "texture": "#2"},
				"up": {"uv": [8, 0, 0, 8], "rotation": 90, "texture": "#2"},
				"down": {"uv": [8, 0, 0, 8], "rotation": 270, "texture": "#2"}
			}
		},
		{
			"from": [13, 0, 25],
			"to": [16, 16, 25],
			"rotation": {"angle": 0, "axis": "y", "origin": [0, 0, 16]},
			"faces": {
				"north": {"uv": [4, 0, 2.5, 8], "texture": "#2"},
				"east": {"uv": [8, 0, 0, 8], "texture": "#2"},
				"south": {"uv": [4, 0, 2.5, 8], "texture": "#2"},
				"west": {"uv": [8, 0, 0, 8], "texture": "#2"},
				"up": {"uv": [8, 0, 0, 8], "rotation": 90, "texture": "#2"},
				"down": {"uv": [8, 0, 0, 8], "rotation": 270, "texture": "#2"}
			}
		},
		{
			"from": [10, -3.01, 6],
			"to": [16, -0.01, 26],
			"rotation": {"angle": 0, "axis": "y", "origin": [0, 0, 16]},
			"faces": {
				"north": {"uv": [0, 0, 3, 1.5], "texture": "#4"},
				"south": {"uv": [3, 0, 0, 1.5], "texture": "#4"},
				"up": {"uv": [0, 8, 10, 5], "rotation": 90, "texture": "#5"},
				"down": {"uv": [0, 5, 10, 8], "rotation": 270, "texture": "#5"}
			}
		},
		{
			"from": [-9, 0, 6],
			"to": [-9, 16, 15],
			"faces": {
				"north": {"uv": [8, 0, 0, 8], "texture": "#2"},
				"east": {"uv": [4.5, 0, 0, 8], "texture": "#2"},
				"south": {"uv": [8, 0, 0, 8], "texture": "#2"},
				"west": {"uv": [8, 0, 3.5, 8], "texture": "#2"},
				"up": {"uv": [8, 0, 0, 8], "texture": "#2"},
				"down": {"uv": [8, 0, 0, 8], "texture": "#2"}
			}
		},
		{
			"from": [-9, 0, 15],
			"to": [-9, 16, 25],
			"faces": {
				"north": {"uv": [8, 0, 0, 8], "texture": "#2"},
				"east": {"uv": [8, 0, 3, 8], "texture": "#2"},
				"south": {"uv": [8, 0, 0, 8], "texture": "#2"},
				"west": {"uv": [5, 0, 0, 8], "texture": "#2"},
				"up": {"uv": [8, 0, 0, 8], "texture": "#2"},
				"down": {"uv": [8, 0, 0, 8], "texture": "#2"}
			}
		},
		{
			"from": [1, 0, 25],
			"to": [10, 16, 25],
			"rotation": {"angle": 0, "axis": "y", "origin": [7, 8, 9]},
			"faces": {
				"north": {"uv": [8, 0, 3.5, 8], "texture": "#2"},
				"east": {"uv": [8, 0, 0, 8], "texture": "#2"},
				"south": {"uv": [4.5, 0, 0, 8], "texture": "#2"},
				"west": {"uv": [8, 0, 0, 8], "texture": "#2"},
				"up": {"uv": [8, 0, 0, 8], "rotation": 270, "texture": "#2"},
				"down": {"uv": [8, 0, 0, 8], "rotation": 90, "texture": "#2"}
			}
		},
		{
			"from": [-9, 0, 25],
			"to": [1, 16, 25],
			"rotation": {"angle": 0, "axis": "y", "origin": [7, 8, 9]},
			"faces": {
				"north": {"uv": [5, 0, 0, 8], "texture": "#2"},
				"east": {"uv": [8, 0, 0, 8], "texture": "#2"},
				"south": {"uv": [8, 0, 3, 8], "texture": "#2"},
				"west": {"uv": [8, 0, 0, 8], "texture": "#2"},
				"up": {"uv": [8, 0, 0, 8], "rotation": 270, "texture": "#2"},
				"down": {"uv": [8, 0, 0, 8], "rotation": 90, "texture": "#2"}
			}
		},
		{
			"from": [9, 0, 7],
			"to": [16, 16, 7],
			"rotation": {"angle": 0, "axis": "y", "origin": [7, 8, 9]},
			"faces": {
				"north": {"uv": [3, 0, 6.5, 8], "texture": "#2"},
				"east": {"uv": [8, 0, 0, 8], "texture": "#2"},
				"south": {"uv": [6.5, 0, 3, 8], "texture": "#2"},
				"west": {"uv": [8, 0, 0, 8], "texture": "#2"},
				"up": {"uv": [8, 0, 0, 8], "rotation": 270, "texture": "#2"},
				"down": {"uv": [8, 0, 0, 8], "rotation": 90, "texture": "#2"}
			}
		},
		{
			"from": [9, 0, 0],
			"to": [9, 16, 7],
			"rotation": {"angle": 0, "axis": "y", "origin": [9, 8, 6]},
			"faces": {
				"north": {"uv": [8, 0, 0, 8], "texture": "#2"},
				"east": {"uv": [6.5, 0, 3, 8], "texture": "#2"},
				"south": {"uv": [8, 0, 0, 8], "texture": "#2"},
				"west": {"uv": [3, 0, 6.5, 8], "texture": "#2"},
				"up": {"uv": [8, 0, 0, 8], "rotation": 180, "texture": "#2"},
				"down": {"uv": [8, 0, 0, 8], "rotation": 180, "texture": "#2"}
			}
		}
	],
	"display": {
		"thirdperson_righthand": {
			"rotation": [75, 45, 0],
			"translation": [0, 2.5, 0],
			"scale": [0.375, 0.375, 0.375]
		},
		"thirdperson_lefthand": {
			"rotation": [75, 45, 0],
			"translation": [0, 2.5, 0],
			"scale": [0.375, 0.375, 0.375]
		},
		"firstperson_righthand": {
			"rotation": [0, 45, 0],
			"scale": [0.4, 0.4, 0.4]
		},
		"firstperson_lefthand": {
			"rotation": [0, 225, 0],
			"scale": [0.4, 0.4, 0.4]
		},
		"ground": {
			"translation": [0, 3, 0],
			"scale": [0.25, 0.25, 0.25]
		},
		"gui": {
			"rotation": [30, 225, 0],
			"scale": [0.625, 0.625, 0.625]
		},
		"fixed": {
			"scale": [0.5, 0.5, 0.5]
		}
	},
	"groups": [
		{
			"name": "group",
			"origin": [0, 0, 0],
			"color": 0,
			"nbt": "{}",
			"armAnimationEnabled": false,
			"children": [0, 1, 2, 3, 4, 5, 6, 7, 8, 9, 10, 11, 12]
		}
	]
}