{
	"credit": "Made with Blockbench",
	"ambientocclusion": false,
	"texture_size": [48, 48],
	"textures": {
		"0": "RELOADED:blocks/compresser",
		"particle": "RELOADED:blocks/compresser"
	},
	"elements": [
		{
			"from": [0, 0, 0],
			"to": [16, 12, 16],
			"faces": {
				"north": {"uv": [0, 12, 5.33333, 16], "texture": "#0"},
				"east": {"uv": [5.33333, 6.66666, 10.66666, 10.66666], "texture": "#0"},
				"south": {"uv": [5.33333, 1.33333, 10.66666, 5.33333], "texture": "#0"},
				"west": {"uv": [5.33333, 1.33333, 10.66666, 5.33333], "texture": "#0"},
				"up": {"uv": [0, 5.33333, 5.33333, 10.66667], "texture": "#0"},
				"down": {"uv": [10.66667, 0, 16, 5.33333], "texture": "#0"}
			}
		},
		{
			"from": [2, 12, 2],
			"to": [14, 13, 14],
			"rotation": {"angle": 0, "axis": "y", "origin": [2, 16, 2]},
			"faces": {
				"north": {"uv": [10.66667, 5.33334, 14.66667, 5.66667], "texture": "#0"},
				"east": {"uv": [10.66667, 5.33334, 14.66667, 5.66667], "texture": "#0"},
				"south": {"uv": [10.66667, 5.33334, 14.66667, 5.66667], "texture": "#0"},
				"west": {"uv": [10.66667, 5.33334, 14.66667, 5.66667], "texture": "#0"},
				"up": {"uv": [10.66667, 5.33334, 14.66667, 9.33334], "texture": "#0"},
				"down": {"uv": [10.66667, 5.33334, 14.66667, 9.33334], "texture": "#0"}
			}
		},
		{
			"from": [16.01, 12, 0],
			"to": [16.01, 16, 16],
			"faces": {
				"north": {"uv": [5.33333, 5.33333, 10.66666, 6.66666], "texture": "#0"},
				"east": {"uv": [5.33333, 5.33333, 10.66666, 6.66666], "texture": "#0"},
				"south": {"uv": [5.33333, 5.33333, 10.66666, 6.66666], "texture": "#0"},
				"west": {"uv": [5.33333, 5.33333, 10.66666, 6.66666], "texture": "#0"},
				"up": {"uv": [5.33333, 5.33333, 10.66666, 6.66666], "texture": "#0"},
				"down": {"uv": [5.33333, 5.33333, 10.66666, 6.66666], "texture": "#0"}
			}
		},
		{
			"from": [-0.01, 12, 0],
			"to": [-0.01, 16, 16],
			"faces": {
				"north": {"uv": [5.33333, 5.33333, 10.66666, 6.66666], "texture": "#0"},
				"east": {"uv": [5.33333, 5.33333, 10.66666, 6.66666], "texture": "#0"},
				"south": {"uv": [5.33333, 5.33333, 10.66666, 6.66666], "texture": "#0"},
				"west": {"uv": [5.33333, 5.33333, 10.66666, 6.66666], "texture": "#0"},
				"up": {"uv": [5.33333, 5.33333, 10.66666, 6.66666], "texture": "#0"},
				"down": {"uv": [5.33333, 5.33333, 10.66666, 6.66666], "texture": "#0"}
			}
		},
		{
			"from": [0, 12, 16.01],
			"to": [16, 16, 16.01],
			"faces": {
				"north": {"uv": [5.33333, 5.33333, 10.66666, 6.66666], "texture": "#0"},
				"east": {"uv": [5.33333, 5.33333, 10.66666, 6.66666], "texture": "#0"},
				"south": {"uv": [5.33333, 5.33333, 10.66666, 6.66666], "texture": "#0"},
				"west": {"uv": [5.33333, 5.33333, 10.66666, 6.66666], "texture": "#0"},
				"up": {"uv": [5.33333, 5.33333, 10.66666, 6.66666], "texture": "#0"},
				"down": {"uv": [5.33333, 5.33333, 10.66666, 6.66666], "texture": "#0"}
			}
		},
		{
			"from": [0, 16, 12],
			"to": [4, 16, 16],
			"rotation": {"angle": 0, "axis": "y", "origin": [2, 16, 2]},
			"faces": {
				"north": {"uv": [0, 0, 1.33333, 1.33333], "texture": "#0"},
				"east": {"uv": [0, 0, 1.33333, 1.33333], "texture": "#0"},
				"south": {"uv": [0, 0, 1.33333, 1.33333], "texture": "#0"},
				"west": {"uv": [0, 0, 1.33333, 1.33333], "texture": "#0"},
				"up": {"uv": [0, 0, 1.33333, 1.33333], "texture": "#0"},
				"down": {"uv": [0, 0, 1.33333, 1.33333], "texture": "#0"}
			}
		},
		{
			"from": [0, 16, 0],
			"to": [4, 16, 4],
			"rotation": {"angle": 0, "axis": "y", "origin": [2, 16, 2]},
			"faces": {
				"north": {"uv": [0, 0, 1.33333, 1.33333], "rotation": 90, "texture": "#0"},
				"east": {"uv": [0, 0, 1.33333, 1.33333], "rotation": 90, "texture": "#0"},
				"south": {"uv": [0, 0, 1.33333, 1.33333], "rotation": 90, "texture": "#0"},
				"west": {"uv": [0, 0, 1.33333, 1.33333], "rotation": 90, "texture": "#0"},
				"up": {"uv": [0, 0, 1.33333, 1.33333], "rotation": 90, "texture": "#0"},
				"down": {"uv": [0, 0, 1.33333, 1.33333], "rotation": 90, "texture": "#0"}
			}
		},
		{
			"from": [0, 12, -0.01],
			"to": [16, 16, -0.01],
			"faces": {
				"north": {"uv": [0, 10.66666, 5.33333, 11.99999], "texture": "#0"},
				"east": {"uv": [5.33333, 5.33333, 10.66666, 6.66666], "texture": "#0"},
				"south": {"uv": [5.33333, 5.33333, 10.66666, 6.66666], "texture": "#0"},
				"west": {"uv": [5.33333, 5.33333, 10.66666, 6.66666], "texture": "#0"},
				"up": {"uv": [5.33333, 5.33333, 10.66666, 6.66666], "texture": "#0"},
				"down": {"uv": [5.33333, 5.33333, 10.66666, 6.66666], "texture": "#0"}
			}
		},
		{
			"from": [12, 16, 0],
			"to": [16, 16, 4],
			"rotation": {"angle": 0, "axis": "y", "origin": [2, 16, 2]},
			"faces": {
				"north": {"uv": [0, 0, 1.33333, 1.33333], "rotation": 180, "texture": "#0"},
				"east": {"uv": [0, 0, 1.33333, 1.33333], "rotation": 180, "texture": "#0"},
				"south": {"uv": [0, 0, 1.33333, 1.33333], "rotation": 180, "texture": "#0"},
				"west": {"uv": [0, 0, 1.33333, 1.33333], "rotation": 180, "texture": "#0"},
				"up": {"uv": [0, 0, 1.33333, 1.33333], "rotation": 180, "texture": "#0"},
				"down": {"uv": [0, 0, 1.33333, 1.33333], "rotation": 180, "texture": "#0"}
			}
		},
		{
			"from": [12, 16, 12],
			"to": [16, 16, 16],
			"rotation": {"angle": 0, "axis": "y", "origin": [2, 16, 2]},
			"faces": {
				"north": {"uv": [0, 0, 1.33333, 1.33333], "rotation": 270, "texture": "#0"},
				"east": {"uv": [0, 0, 1.33333, 1.33333], "rotation": 270, "texture": "#0"},
				"south": {"uv": [0, 0, 1.33333, 1.33333], "rotation": 270, "texture": "#0"},
				"west": {"uv": [0, 0, 1.33333, 1.33333], "rotation": 270, "texture": "#0"},
				"up": {"uv": [0, 0, 1.33333, 1.33333], "rotation": 270, "texture": "#0"},
				"down": {"uv": [0, 0, 1.33333, 1.33333], "rotation": 270, "texture": "#0"}
			}
		}
	],
	"display": {
		"thirdperson_righthand": {
			"rotation": [75, 45, 0],
			"translation": [0, 2.5, 0],
			"scale": [0.375, 0.375, 0.375]
		},
		"thirdperson_lefthand": {
			"rotation": [75, 45, 0],
			"translation": [0, 2.5, 0],
			"scale": [0.375, 0.375, 0.375]
		},
		"firstperson_righthand": {
			"rotation": [0, 45, 0],
			"scale": [0.4, 0.4, 0.4]
		},
		"firstperson_lefthand": {
			"rotation": [0, 225, 0],
			"scale": [0.4, 0.4, 0.4]
		},
		"ground": {
			"translation": [0, 3, 0],
			"scale": [0.25, 0.25, 0.25]
		},
		"gui": {
			"rotation": [30, 225, 0],
			"scale": [0.625, 0.625, 0.625]
		},
		"fixed": {
			"scale": [0.5, 0.5, 0.5]
		}
	},
	"groups": [
		{
			"name": "energy_press",
			"origin": [8, 8, 8],
			"color": 0,
			"nbt": "{}",
			"armAnimationEnabled": false,
			"children": [0, 1, 2, 3, 4, 5, 6, 7, 8, 9]
		}
	]
}