{
	"credit": "Made with Blockbench",
	"ambientocclusion": false,
	"texture_size": [128, 128],
	"textures": {
		"0": "RELOADED:blocks/cubes/cube_dispenser",
		"particle": "RELOADED:blocks/cubes/cube_dispenser"
	},
	"elements": [
		{
			"from": [-6, -16, -6],
			"to": [22, -13, -1],
			"rotation": {"angle": 0, "axis": "y", "origin": [0, -19, 0]},
			"faces": {
				"north": {"uv": [7, 0, 10.5, 0.375], "texture": "#0"},
				"east": {"uv": [9.875, 0, 10.5, 0.375], "texture": "#0"},
				"south": {"uv": [7, 0.375, 10.5, 0.75], "texture": "#0"},
				"west": {"uv": [7, 0, 7.625, 0.375], "texture": "#0"},
				"up": {"uv": [0, 0, 3.5, 0.625], "texture": "#0"},
				"down": {"uv": [3.5, 2.875, 7, 3.5], "texture": "#0"}
			}
		},
		{
			"from": [17, -16, -6],
			"to": [22, -13, 22],
			"rotation": {"angle": 0, "axis": "y", "origin": [8, -11, 8]},
			"faces": {
				"north": {"uv": [7, 0, 7.625, 0.375], "texture": "#0"},
				"east": {"uv": [7, 0, 10.5, 0.375], "texture": "#0"},
				"south": {"uv": [10.125, 0, 10.5, 0.375], "texture": "#0"},
				"west": {"uv": [7, 0.375, 10.5, 0.75], "texture": "#0"},
				"up": {"uv": [0, 0, 3.5, 0.625], "rotation": 90, "texture": "#0"},
				"down": {"uv": [3.5, 2.875, 7, 3.5], "rotation": 270, "texture": "#0"}
			}
		},
		{
			"from": [-6, -16, -6],
			"to": [-1, -13, 22],
			"rotation": {"angle": 0, "axis": "y", "origin": [8, -11, 8]},
			"faces": {
				"north": {"uv": [9.875, 0, 10.5, 0.375], "texture": "#0"},
				"east": {"uv": [7, 0.375, 10.5, 0.75], "texture": "#0"},
				"south": {"uv": [7, 0, 7.625, 0.375], "texture": "#0"},
				"west": {"uv": [7, 0, 10.5, 0.375], "texture": "#0"},
				"up": {"uv": [0, 0, 3.5, 0.625], "rotation": 270, "texture": "#0"},
				"down": {"uv": [3.5, 2.875, 7, 3.5], "rotation": 90, "texture": "#0"}
			}
		},
		{
			"from": [-6, -16, 17],
			"to": [22, -13, 22],
			"rotation": {"angle": 0, "axis": "y", "origin": [8, -11, 8]},
			"faces": {
				"north": {"uv": [7, 0.375, 10.5, 0.75], "texture": "#0"},
				"east": {"uv": [7, 0, 7.625, 0.375], "texture": "#0"},
				"south": {"uv": [7, 0, 10.5, 0.375], "texture": "#0"},
				"west": {"uv": [9.875, 0, 10.5, 0.375], "texture": "#0"},
				"up": {"uv": [0, 0, 3.5, 0.625], "rotation": 180, "texture": "#0"},
				"down": {"uv": [3.5, 2.875, 7, 3.5], "rotation": 180, "texture": "#0"}
			}
		},
		{
			"from": [-6, -13, -6],
			"to": [-5, 1, -6],
			"rotation": {"angle": 0, "axis": "y", "origin": [8, -11, 8]},
			"faces": {
				"north": {"uv": [0, 3.5, 0.125, 5.25], "texture": "#0"},
				"east": {"uv": [0, 3.5, 0, 5.25], "texture": "#0"},
				"south": {"uv": [0, 3.5, 0.125, 5.25], "texture": "#0"},
				"west": {"uv": [0, 3.5, 0, 5.25], "texture": "#0"},
				"up": {"uv": [0, 3.5, 0.125, 3.5], "texture": "#0"},
				"down": {"uv": [0, 3.5, 0.125, 3.5], "texture": "#0"}
			}
		},
		{
			"from": [7.5, -13, -6],
			"to": [8.5, 1, -6],
			"rotation": {"angle": 0, "axis": "y", "origin": [8, -11, 8]},
			"faces": {
				"north": {"uv": [0, 3.5, 0.125, 5.25], "texture": "#0"},
				"east": {"uv": [0, 3.5, 0, 5.25], "texture": "#0"},
				"south": {"uv": [0, 3.5, 0.125, 5.25], "texture": "#0"},
				"west": {"uv": [0, 3.5, 0, 5.25], "texture": "#0"},
				"up": {"uv": [0, 3.5, 0.125, 3.5], "texture": "#0"},
				"down": {"uv": [0, 3.5, 0.125, 3.5], "texture": "#0"}
			}
		},
		{
			"from": [21, -13, -6],
			"to": [22, 1, -6],
			"rotation": {"angle": 0, "axis": "y", "origin": [8, -11, 8]},
			"faces": {
				"north": {"uv": [0, 3.5, 0.125, 5.25], "texture": "#0"},
				"east": {"uv": [0, 3.5, 0, 5.25], "texture": "#0"},
				"south": {"uv": [0, 3.5, 0.125, 5.25], "texture": "#0"},
				"west": {"uv": [0, 3.5, 0, 5.25], "texture": "#0"},
				"up": {"uv": [0, 3.5, 0.125, 3.5], "texture": "#0"},
				"down": {"uv": [0, 3.5, 0.125, 3.5], "texture": "#0"}
			}
		},
		{
			"from": [22, -13, -6],
			"to": [22, 1, -5],
			"rotation": {"angle": 0, "axis": "y", "origin": [8, -11, 8]},
			"faces": {
				"north": {"uv": [0, 3.5, 0, 5.25], "texture": "#0"},
				"east": {"uv": [0, 3.5, 0.125, 5.25], "texture": "#0"},
				"south": {"uv": [0, 3.5, 0, 5.25], "texture": "#0"},
				"west": {"uv": [0, 3.5, 0.125, 5.25], "texture": "#0"},
				"up": {"uv": [0, 3.5, 0.125, 3.5], "rotation": 90, "texture": "#0"},
				"down": {"uv": [0, 3.5, 0.125, 3.5], "rotation": 270, "texture": "#0"}
			}
		},
		{
			"from": [22, -13, 7.5],
			"to": [22, 1, 8.5],
			"rotation": {"angle": 0, "axis": "y", "origin": [8, -11, 8]},
			"faces": {
				"north": {"uv": [0, 3.5, 0, 5.25], "texture": "#0"},
				"east": {"uv": [0, 3.5, 0.125, 5.25], "texture": "#0"},
				"south": {"uv": [0, 3.5, 0, 5.25], "texture": "#0"},
				"west": {"uv": [0, 3.5, 0.125, 5.25], "texture": "#0"},
				"up": {"uv": [0, 3.5, 0.125, 3.5], "rotation": 90, "texture": "#0"},
				"down": {"uv": [0, 3.5, 0.125, 3.5], "rotation": 270, "texture": "#0"}
			}
		},
		{
			"from": [22, -13, 21],
			"to": [22, 1, 22],
			"rotation": {"angle": 0, "axis": "y", "origin": [8, -11, 8]},
			"faces": {
				"north": {"uv": [0, 3.5, 0, 5.25], "texture": "#0"},
				"east": {"uv": [0, 3.5, 0.125, 5.25], "texture": "#0"},
				"south": {"uv": [0, 3.5, 0, 5.25], "texture": "#0"},
				"west": {"uv": [0, 3.5, 0.125, 5.25], "texture": "#0"},
				"up": {"uv": [0, 3.5, 0.125, 3.5], "rotation": 90, "texture": "#0"},
				"down": {"uv": [0, 3.5, 0.125, 3.5], "rotation": 270, "texture": "#0"}
			}
		},
		{
			"from": [-6, -13, 21],
			"to": [-6, 1, 22],
			"rotation": {"angle": 0, "axis": "y", "origin": [8, -11, 8]},
			"faces": {
				"north": {"uv": [0, 3.5, 0, 5.25], "texture": "#0"},
				"east": {"uv": [0, 3.5, 0.125, 5.25], "texture": "#0"},
				"south": {"uv": [0, 3.5, 0, 5.25], "texture": "#0"},
				"west": {"uv": [0, 3.5, 0.125, 5.25], "texture": "#0"},
				"up": {"uv": [0, 3.5, 0.125, 3.5], "rotation": 270, "texture": "#0"},
				"down": {"uv": [0, 3.5, 0.125, 3.5], "rotation": 90, "texture": "#0"}
			}
		},
		{
			"from": [-6, -13, 7.5],
			"to": [-6, 1, 8.5],
			"rotation": {"angle": 0, "axis": "y", "origin": [8, -11, 8]},
			"faces": {
				"north": {"uv": [0, 3.5, 0, 5.25], "texture": "#0"},
				"east": {"uv": [0, 3.5, 0.125, 5.25], "texture": "#0"},
				"south": {"uv": [0, 3.5, 0, 5.25], "texture": "#0"},
				"west": {"uv": [0, 3.5, 0.125, 5.25], "texture": "#0"},
				"up": {"uv": [0, 3.5, 0.125, 3.5], "rotation": 270, "texture": "#0"},
				"down": {"uv": [0, 3.5, 0.125, 3.5], "rotation": 90, "texture": "#0"}
			}
		},
		{
			"from": [-6, -13, -6],
			"to": [-6, 1, -5],
			"rotation": {"angle": 0, "axis": "y", "origin": [8, -11, 8]},
			"faces": {
				"north": {"uv": [0, 3.5, 0, 5.25], "texture": "#0"},
				"east": {"uv": [0, 3.5, 0.125, 5.25], "texture": "#0"},
				"south": {"uv": [0, 3.5, 0, 5.25], "texture": "#0"},
				"west": {"uv": [0, 3.5, 0.125, 5.25], "texture": "#0"},
				"up": {"uv": [0, 3.5, 0.125, 3.5], "rotation": 270, "texture": "#0"},
				"down": {"uv": [0, 3.5, 0.125, 3.5], "rotation": 90, "texture": "#0"}
			}
		},
		{
			"from": [21, -13, 22],
			"to": [22, 1, 22],
			"rotation": {"angle": 0, "axis": "y", "origin": [8, -11, 8]},
			"faces": {
				"north": {"uv": [0, 3.5, 0.125, 5.25], "texture": "#0"},
				"east": {"uv": [0, 3.5, 0, 5.25], "texture": "#0"},
				"south": {"uv": [0, 3.5, 0.125, 5.25], "texture": "#0"},
				"west": {"uv": [0, 3.5, 0, 5.25], "texture": "#0"},
				"up": {"uv": [0, 3.5, 0.125, 3.5], "rotation": 180, "texture": "#0"},
				"down": {"uv": [0, 3.5, 0.125, 3.5], "rotation": 180, "texture": "#0"}
			}
		},
		{
			"from": [7.5, -13, 22],
			"to": [8.5, 1, 22],
			"rotation": {"angle": 0, "axis": "y", "origin": [8, -11, 8]},
			"faces": {
				"north": {"uv": [0, 3.5, 0.125, 5.25], "texture": "#0"},
				"east": {"uv": [0, 3.5, 0, 5.25], "texture": "#0"},
				"south": {"uv": [0, 3.5, 0.125, 5.25], "texture": "#0"},
				"west": {"uv": [0, 3.5, 0, 5.25], "texture": "#0"},
				"up": {"uv": [0, 3.5, 0.125, 3.5], "rotation": 180, "texture": "#0"},
				"down": {"uv": [0, 3.5, 0.125, 3.5], "rotation": 180, "texture": "#0"}
			}
		},
		{
			"from": [-6, -13, 22],
			"to": [-5, 1, 22],
			"rotation": {"angle": 0, "axis": "y", "origin": [8, -11, 8]},
			"faces": {
				"north": {"uv": [0, 3.5, 0.125, 5.25], "texture": "#0"},
				"east": {"uv": [0, 3.5, 0, 5.25], "texture": "#0"},
				"south": {"uv": [0, 3.5, 0.125, 5.25], "texture": "#0"},
				"west": {"uv": [0, 3.5, 0, 5.25], "texture": "#0"},
				"up": {"uv": [0, 3.5, 0.125, 3.5], "rotation": 180, "texture": "#0"},
				"down": {"uv": [0, 3.5, 0.125, 3.5], "rotation": 180, "texture": "#0"}
			}
		},
		{
			"from": [-2, -13, -2],
			"to": [18, -2, -2],
			"rotation": {"angle": 0, "axis": "y", "origin": [0, -19, 0]},
			"faces": {
				"north": {"uv": [0.25, 4.375, 2.5, 5.75], "texture": "#0"},
				"east": {"uv": [0.25, 4.375, 2.5, 5.75], "texture": "#0"},
				"south": {"uv": [0.25, 4.375, 2.5, 5.75], "texture": "#0"},
				"west": {"uv": [0.25, 4.375, 2.5, 5.75], "texture": "#0"}
			}
		},
		{
			"from": [-2, -13, -2],
			"to": [-2, -2, 18],
			"rotation": {"angle": 0, "axis": "y", "origin": [0, -19, 0]},
			"faces": {
				"north": {"uv": [0.25, 4.375, 2.5, 5.75], "texture": "#0"},
				"east": {"uv": [0.25, 4.375, 2.5, 5.75], "texture": "#0"},
				"south": {"uv": [0.25, 4.375, 2.5, 5.75], "texture": "#0"},
				"west": {"uv": [0.25, 4.375, 2.5, 5.75], "texture": "#0"}
			}
		},
		{
			"from": [-2, -13, 18],
			"to": [18, -2, 18],
			"rotation": {"angle": 0, "axis": "y", "origin": [0, -19, 0]},
			"faces": {
				"north": {"uv": [0.25, 4.375, 2.5, 5.75], "texture": "#0"},
				"east": {"uv": [0.25, 4.375, 2.5, 5.75], "texture": "#0"},
				"south": {"uv": [0.25, 4.375, 2.5, 5.75], "texture": "#0"},
				"west": {"uv": [0.25, 4.375, 2.5, 5.75], "texture": "#0"}
			}
		},
		{
			"from": [18, -13, -2],
			"to": [18, -2, 18],
			"rotation": {"angle": 0, "axis": "y", "origin": [0, -19, 0]},
			"faces": {
				"north": {"uv": [0.25, 4.375, 2.5, 5.75], "texture": "#0"},
				"east": {"uv": [0.25, 4.375, 2.5, 5.75], "texture": "#0"},
				"south": {"uv": [0.25, 4.375, 2.5, 5.75], "texture": "#0"},
				"west": {"uv": [0.25, 4.375, 2.5, 5.75], "texture": "#0"}
			}
		},
		{
			"from": [-5, 6, 12],
			"to": [21, 6, 17],
			"rotation": {"angle": -45, "axis": "x", "origin": [8, 8.5, 24.5]},
			"faces": {
				"north": {"uv": [2.625, 6, 5.875, 6], "rotation": 180, "texture": "#0"},
				"east": {"uv": [2.625, 6, 3.25, 6], "rotation": 180, "texture": "#0"},
				"south": {"uv": [2.625, 6, 5.875, 6], "rotation": 180, "texture": "#0"},
				"west": {"uv": [2.625, 6, 3.25, 6], "rotation": 180, "texture": "#0"},
				"up": {"uv": [2.625, 6, 5.875, 6.625], "rotation": 180, "texture": "#0"},
				"down": {"uv": [2.625, 6, 5.875, 6.625], "texture": "#0"}
			}
		},
		{
			"from": [12, 6, -5],
			"to": [17, 6, 21],
			"rotation": {"angle": 45, "axis": "z", "origin": [24.5, 8.5, 8]},
			"faces": {
				"north": {"uv": [2.5, 6, 5.75, 6.625], "rotation": 270, "texture": "#0"},
				"east": {"uv": [2.5, 6, 5.75, 6.625], "rotation": 270, "texture": "#0"},
				"south": {"uv": [2.5, 6, 5.75, 6.625], "rotation": 270, "texture": "#0"},
				"west": {"uv": [2.5, 6, 5.75, 6.625], "rotation": 270, "texture": "#0"},
				"up": {"uv": [2.5, 6, 5.75, 6.625], "rotation": 90, "texture": "#0"},
				"down": {"uv": [2.5, 6, 5.75, 6.625], "rotation": 90, "texture": "#0"}
			}
		},
		{
			"from": [-5, 6, -1],
			"to": [21, 6, 4],
			"rotation": {"angle": 45, "axis": "x", "origin": [8, 8.5, -8.5]},
			"faces": {
				"north": {"uv": [2.625, 6, 5.875, 6], "rotation": 180, "texture": "#0"},
				"east": {"uv": [2.625, 6, 3.25, 6], "rotation": 180, "texture": "#0"},
				"south": {"uv": [2.625, 6, 5.875, 6], "rotation": 180, "texture": "#0"},
				"west": {"uv": [2.625, 6, 3.25, 6], "rotation": 180, "texture": "#0"},
				"up": {"uv": [2.625, 6, 5.875, 6.625], "texture": "#0"},
				"down": {"uv": [2.625, 6, 5.875, 6.625], "rotation": 180, "texture": "#0"}
			}
		},
		{
			"from": [-1, 6, -5],
			"to": [4, 6, 21],
			"rotation": {"angle": -45, "axis": "z", "origin": [-8.5, 8.5, 6]},
			"faces": {
				"north": {"uv": [2.625, 6, 2.625, 6.625], "rotation": 270, "texture": "#0"},
				"east": {"uv": [2.625, 6, 2.625, 9.25], "rotation": 270, "texture": "#0"},
				"south": {"uv": [2.625, 6, 2.625, 6.625], "rotation": 270, "texture": "#0"},
				"west": {"uv": [2.625, 6, 2.625, 9.25], "rotation": 270, "texture": "#0"},
				"up": {"uv": [2.625, 6, 5.875, 6.625], "rotation": 270, "texture": "#0"},
				"down": {"uv": [2.625, 6, 5.875, 6.625], "rotation": 270, "texture": "#0"}
			}
		},
		{
			"from": [-6, 1, -6],
			"to": [22, 16, -3],
			"rotation": {"angle": 0, "axis": "y", "origin": [0, -16, 0]},
			"faces": {
				"north": {"uv": [2.5, 3.5, 6, 5.375], "texture": "#0"},
				"east": {"uv": [2.5, 3.5, 2.875, 5.375], "texture": "#0"},
				"south": {"uv": [2.5, 3.5, 6, 5.375], "texture": "#0"},
				"west": {"uv": [2.5, 3.5, 2.875, 5.375], "texture": "#0"},
				"up": {"uv": [6, 3.5, 9.5, 3.875], "texture": "#0"},
				"down": {"uv": [6, 6.625, 9.5, 7], "texture": "#0"}
			}
		},
		{
			"from": [19, 1, -6],
			"to": [22, 16, 22],
			"rotation": {"angle": 0, "axis": "y", "origin": [0, -16, 0]},
			"faces": {
				"north": {"uv": [2.5, 3.5, 2.875, 5.375], "texture": "#0"},
				"east": {"uv": [2.5, 3.5, 6, 5.375], "texture": "#0"},
				"south": {"uv": [2.5, 3.5, 2.875, 5.375], "texture": "#0"},
				"west": {"uv": [2.5, 3.5, 6, 5.375], "texture": "#0"},
				"up": {"uv": [9.125, 3.5, 9.5, 7], "texture": "#0"},
				"down": {"uv": [9.125, 3.5, 9.5, 7], "texture": "#0"}
			}
		},
		{
			"from": [-6, 1, -6],
			"to": [-3, 16, 22],
			"rotation": {"angle": 0, "axis": "y", "origin": [0, -16, 0]},
			"faces": {
				"north": {"uv": [2.5, 3.5, 2.875, 5.375], "texture": "#0"},
				"east": {"uv": [2.5, 3.5, 6, 5.375], "texture": "#0"},
				"south": {"uv": [2.5, 3.5, 2.875, 5.375], "texture": "#0"},
				"west": {"uv": [2.5, 3.5, 6, 5.375], "texture": "#0"},
				"up": {"uv": [6, 3.5, 6.375, 7], "texture": "#0"},
				"down": {"uv": [6, 3.5, 6.375, 7], "texture": "#0"}
			}
		},
		{
			"from": [-6, 1, 19],
			"to": [22, 16, 22],
			"rotation": {"angle": 0, "axis": "y", "origin": [0, -16, 0]},
			"faces": {
				"north": {"uv": [2.5, 3.5, 6, 5.375], "texture": "#0"},
				"east": {"uv": [2.5, 3.5, 2.875, 5.375], "texture": "#0"},
				"south": {"uv": [2.5, 3.5, 6, 5.375], "texture": "#0"},
				"west": {"uv": [2.5, 3.5, 2.875, 5.375], "texture": "#0"},
				"up": {"uv": [6, 6.625, 9.5, 7], "texture": "#0"},
				"down": {"uv": [6, 3.5, 9.5, 3.875], "texture": "#0"}
			}
		},
		{
			"from": [-1, -15, -1],
			"to": [17, -15, 17],
			"rotation": {"angle": 0, "axis": "y", "origin": [0, -16, 0]},
			"faces": {
				"north": {"uv": [0, 6, 2.25, 8.25], "texture": "#0"},
				"east": {"uv": [0, 6, 2.25, 8.25], "texture": "#0"},
				"south": {"uv": [0, 6, 2.25, 8.25], "texture": "#0"},
				"west": {"uv": [0, 6, 2.25, 8.25], "texture": "#0"},
				"up": {"uv": [0, 6, 2.25, 8.25], "texture": "#0"},
				"down": {"uv": [0, 8.25, 2.25, 6], "texture": "#0"}
			}
		}
	],
	"display": {
		"thirdperson_righthand": {
			"rotation": [75, 45, 0],
			"translation": [0, 2.5, 0],
			"scale": [0.375, 0.375, 0.375]
		},
		"thirdperson_lefthand": {
			"rotation": [75, 45, 0],
			"translation": [0, 2.5, 0],
			"scale": [0.375, 0.375, 0.375]
		},
		"firstperson_righthand": {
			"rotation": [0, 45, 0],
			"scale": [0.4, 0.4, 0.4]
		},
		"firstperson_lefthand": {
			"rotation": [0, 225, 0],
			"scale": [0.4, 0.4, 0.4]
		},
		"ground": {
			"translation": [0, 3, 0],
			"scale": [0.25, 0.25, 0.25]
		},
		"gui": {
			"rotation": [30, -135, 0],
			"translation": [0, 2, 0],
			"scale": [0.4, 0.4, 0.4]
		},
		"head": {
			"translation": [0, 10, 0],
			"scale": [0.7, 0.7, 0.7]
		},
		"fixed": {
			"scale": [0.5, 0.5, 0.5]
		}
	},
	"groups": [
		{
			"name": "group",
			"origin": [0, 0, 0],
			"color": 0,
			"nbt": "{}",
			"armAnimationEnabled": false,
			"children": [
				{
					"name": "group",
					"origin": [0, 0, 0],
					"color": 0,
					"nbt": "{}",
					"armAnimationEnabled": false,
					"children": [0, 1, 2, 3]
				},
				{
					"name": "group",
					"origin": [8, 8, 8],
					"color": 0,
					"nbt": "{}",
					"armAnimationEnabled": false,
					"children": [4, 5, 6]
				},
				{
					"name": "group",
					"origin": [8, 8, 8],
					"color": 0,
					"nbt": "{}",
					"armAnimationEnabled": false,
					"children": [7, 8, 9]
				},
				{
					"name": "group",
					"origin": [8, 8, 8],
					"color": 0,
					"nbt": "{}",
					"armAnimationEnabled": false,
					"children": [10, 11, 12]
				},
				{
					"name": "group",
					"origin": [8, 8, 8],
					"color": 0,
					"nbt": "{}",
					"armAnimationEnabled": false,
					"children": [13, 14, 15]
				},
				16,
				17,
				18,
				19,
				{
					"name": "group",
					"origin": [8, 22.5, 22.5],
					"color": 0,
					"nbt": "{}",
					"armAnimationEnabled": false,
					"children": [20]
				},
				{
					"name": "group",
					"origin": [8, 22.5, 22.5],
					"color": 0,
					"nbt": "{}",
					"armAnimationEnabled": false,
					"children": [21]
				},
				{
					"name": "group",
					"origin": [8, 22.5, 22.5],
					"color": 0,
					"nbt": "{}",
					"armAnimationEnabled": false,
					"children": [22]
				},
				{
					"name": "group",
					"origin": [8, 22.5, 22.5],
					"color": 0,
					"nbt": "{}",
					"armAnimationEnabled": false,
					"children": [23]
				},
				24,
				25,
				26,
				27,
				28
			]
		}
	]
}