{
	"credit": "Made with Blockbench",
	"ambientocclusion": false,
	"texture_size": [32, 32],
	"textures": {
		"0": "RELOADED:blocks/door/dirty_sliding_door_2",
		"1": "RELOADED:blocks/door/dirty_sliding_door_2_overlay",
		"2": "RELOADED:blocks/door/sliding_door_side",
		"3": "RELOADED:blocks/support_block",
		"particle": "RELOADED:blocks/door/dirty_sliding_door_2"
	},
	"elements": [
		{
			"from": [11.01, 0.01, 1.51],
			"to": [26.99, 31.99, 4.49],
			"faces": {
				"north": {"uv": [0, 0, 8, 16], "texture": "#0"},
				"east": {"uv": [0, 0, 1.5, 16], "texture": "#2"},
				"south": {"uv": [8, 0, 0, 16], "texture": "#0"},
				"west": {"uv": [0, 0, 1.5, 16], "texture": "#2"},
				"up": {"uv": [0, 0, 1.5, 8], "rotation": 90, "texture": "#2"},
				"down": {"uv": [0, 0, 1.5, 8], "rotation": 90, "texture": "#2"}
			}
		},
		{
			"from": [0, 0, 0],
			"to": [16, 32, 0],
			"faces": {
				"north": {"uv": [0, 0, 8, 16], "texture": "#1"},
				"south": {"uv": [8, 0, 0, 16], "texture": "#1"},
				"down": {"uv": [0, 0, 8, 4.5], "texture": "#1"}
			}
		},
		{
			"from": [0, 0, 6],
			"to": [16, 32, 6],
			"faces": {
				"north": {"uv": [0, 0, 8, 16], "texture": "#1"},
				"south": {"uv": [8, 0, 0, 16], "texture": "#1"},
				"down": {"uv": [0, 0, 8, 4.5], "texture": "#1"}
			}
		},
		{
			"from": [15.99, 0, 0],
			"to": [15.99, 16, 6],
			"faces": {
				"north": {"uv": [6.5, 0, 6.5, 8], "texture": "#3"},
				"east": {"uv": [6.5, 0, 9.5, 8], "texture": "#3"},
				"south": {"uv": [6.5, 0, 6.5, 8], "texture": "#3"},
				"west": {"uv": [6.5, 0, 9.5, 8], "texture": "#3"},
				"up": {"uv": [6.5, 0, 6.5, 3], "texture": "#3"},
				"down": {"uv": [6.5, 0, 6.5, 3], "texture": "#3"}
			}
		},
		{
			"from": [15.99, 16, 0],
			"to": [15.99, 32, 6],
			"faces": {
				"north": {"uv": [6.5, 0, 6.5, 8], "texture": "#3"},
				"east": {"uv": [6.5, 0, 9.5, 8], "texture": "#3"},
				"south": {"uv": [6.5, 0, 6.5, 8], "texture": "#3"},
				"west": {"uv": [6.5, 0, 9.5, 8], "texture": "#3"},
				"up": {"uv": [6.5, 0, 6.5, 3], "texture": "#3"},
				"down": {"uv": [6.5, 0, 6.5, 3], "texture": "#3"}
			}
		}
	]
}