{
	"credit": "Made with Blockbench",
	"ambientocclusion": false,
	"texture_size": [256, 256],
	"textures": {
		"0": "RELOADED:elevator/evevator_shaft"
	},
	"elements": [
		{
			"from": [-14, 16, -14],
			"to": [30, 16, -12],
			"faces": {
				"up": {"uv": [0.125, 6.375, 2.875, 6.5], "texture": "#0"}
			}
		},
		{
			"from": [-14, 16, -14],
			"to": [-12, 16, 30],
			"faces": {
				"up": {"uv": [0.125, 6.375, 0.25, 9.125], "texture": "#0"}
			}
		},
		{
			"from": [-15, 16, 28],
			"to": [29, 16, 30],
			"faces": {
				"up": {"uv": [0.0625, 9, 2.8125, 9.125], "texture": "#0"}
			}
		},
		{
			"from": [28, 16, -14],
			"to": [30, 16, 30],
			"faces": {
				"up": {"uv": [2.75, 6.375, 2.875, 9.125], "texture": "#0"}
			}
		},
		{
			"from": [18, 16, -4],
			"to": [20, 16, 20],
			"faces": {
				"up": {"uv": [0.875, 7, 0.75, 8.5], "texture": "#0"}
			}
		},
		{
			"from": [-4, 16, -4],
			"to": [20, 16, -2],
			"faces": {
				"up": {"uv": [2.25, 7, 0.75, 7.125], "texture": "#0"}
			}
		},
		{
			"from": [-4, 16, -4],
			"to": [-2, 16, 20],
			"faces": {
				"up": {"uv": [2.25, 7, 2.125, 8.5], "texture": "#0"}
			}
		},
		{
			"from": [-4, 16, 18],
			"to": [20, 16, 20],
			"faces": {
				"up": {"uv": [2.25, 7.125, 0.75, 7], "texture": "#0"}
			}
		},
		{
			"from": [-11, 16.25, 26],
			"to": [27, 16.25, 27],
			"faces": {
				"up": {"uv": [0.3125, 2.875, 2.6875, 2.9375], "texture": "#0"}
			}
		},
		{
			"from": [26, 16.25, -11],
			"to": [27, 16.25, 27],
			"faces": {
				"up": {"uv": [2.6875, 0.5625, 2.625, 2.9375], "texture": "#0"}
			}
		},
		{
			"from": [-11, 16.25, -11],
			"to": [-10, 16.25, 27],
			"faces": {
				"up": {"uv": [0.375, 0.5625, 0.3125, 2.9375], "texture": "#0"}
			}
		},
		{
			"from": [-11, 16.25, -11],
			"to": [1, 16.25, -10],
			"faces": {
				"up": {"uv": [1.0625, 0.5625, 0.3125, 0.625], "texture": "#0"}
			}
		},
		{
			"from": [15, 16.25, -11],
			"to": [27, 16.25, -10],
			"faces": {
				"up": {"uv": [2.6875, 0.5625, 1.9375, 0.625], "texture": "#0"}
			}
		},
		{
			"from": [15, 16.25, -11],
			"to": [16, 16.25, -3],
			"faces": {
				"up": {"uv": [2, 0.5625, 1.9375, 1.0625], "texture": "#0"}
			}
		},
		{
			"from": [0, 16.25, -11],
			"to": [1, 16.25, -3],
			"faces": {
				"up": {"uv": [1.0625, 0.5625, 1, 1.0625], "texture": "#0"}
			}
		},
		{
			"from": [-16, 16.01, -16],
			"to": [32, 18.01, -14],
			"rotation": {"angle": 0, "axis": "y", "origin": [0, 1, 0]},
			"faces": {
				"north": {"uv": [3, 0.125, 0, 0.25], "texture": "#0"},
				"east": {"uv": [0.125, 0.125, 0, 0.25], "texture": "#0"},
				"south": {"uv": [0, 0.125, 3, 0.25], "texture": "#0"},
				"west": {"uv": [0, 0.125, 0.125, 0.25], "texture": "#0"},
				"up": {"uv": [0, 0.25, 3, 0.125], "texture": "#0"},
				"down": {"uv": [0, 0.125, 3, 0.25], "texture": "#0"}
			}
		},
		{
			"from": [30, 16.01, -16],
			"to": [32, 18.01, 32],
			"rotation": {"angle": 0, "axis": "y", "origin": [8, 1, 8]},
			"faces": {
				"north": {"uv": [0, 0.125, 0.125, 0.25], "texture": "#0"},
				"east": {"uv": [3, 0.125, 0, 0.25], "texture": "#0"},
				"south": {"uv": [0.125, 0.125, 0, 0.25], "texture": "#0"},
				"west": {"uv": [0, 0.125, 3, 0.25], "texture": "#0"},
				"up": {"uv": [0, 0.25, 3, 0.125], "rotation": 90, "texture": "#0"},
				"down": {"uv": [0, 0.125, 3, 0.25], "rotation": 270, "texture": "#0"}
			}
		},
		{
			"from": [-16, 16.01, 30],
			"to": [32, 18.01, 32],
			"rotation": {"angle": 0, "axis": "y", "origin": [8, 3, 8]},
			"faces": {
				"north": {"uv": [0, 0.125, 3, 0.25], "texture": "#0"},
				"east": {"uv": [0, 0.125, 0.125, 0.25], "texture": "#0"},
				"south": {"uv": [3, 0.125, 0, 0.25], "texture": "#0"},
				"west": {"uv": [0.125, 0.125, 0, 0.25], "texture": "#0"},
				"up": {"uv": [0, 0.25, 3, 0.125], "rotation": 180, "texture": "#0"},
				"down": {"uv": [0, 0.125, 3, 0.25], "rotation": 180, "texture": "#0"}
			}
		},
		{
			"from": [-16, 16.01, -16],
			"to": [-14, 18.01, 32],
			"rotation": {"angle": 0, "axis": "y", "origin": [8, 3, 8]},
			"faces": {
				"north": {"uv": [0.125, 0.125, 0, 0.25], "texture": "#0"},
				"east": {"uv": [0, 0.125, 3, 0.25], "texture": "#0"},
				"south": {"uv": [0, 0.125, 0.125, 0.25], "texture": "#0"},
				"west": {"uv": [3, 0.125, 0, 0.25], "texture": "#0"},
				"up": {"uv": [0, 0.25, 3, 0.125], "rotation": 270, "texture": "#0"},
				"down": {"uv": [0, 0.125, 3, 0.25], "rotation": 90, "texture": "#0"}
			}
		},
		{
			"from": [-16, 0, -15.99],
			"to": [32, 16, -15.99],
			"rotation": {"angle": 0, "axis": "y", "origin": [0, 1, 0]},
			"faces": {
				"north": {"uv": [3, 0, 6, 1], "texture": "#0"},
				"south": {"uv": [3, 0, 6, 1], "texture": "#0"}
			}
		},
		{
			"from": [-16, 6, -16],
			"to": [32, 10, -12],
			"rotation": {"angle": 0, "axis": "y", "origin": [0, 1, 0]},
			"faces": {
				"north": {"uv": [3, 0, 6, 0.25], "texture": "#0"},
				"east": {"uv": [3, 0, 3.25, 0.25], "texture": "#0"},
				"south": {"uv": [3, 0, 6, 0.25], "texture": "#0"},
				"west": {"uv": [3, 0, 3.25, 0.25], "texture": "#0"},
				"up": {"uv": [3, 0, 6, 0.25], "texture": "#0"},
				"down": {"uv": [3, 0, 6, 0.25], "texture": "#0"}
			}
		},
		{
			"from": [-15.99, 0, -16],
			"to": [-15.99, 16, 32],
			"rotation": {"angle": 0, "axis": "y", "origin": [8, 1, 8]},
			"faces": {
				"east": {"uv": [3, 0, 6, 1], "texture": "#0"},
				"west": {"uv": [3, 0, 6, 1], "texture": "#0"}
			}
		},
		{
			"from": [-16, 6, -16],
			"to": [-12, 10, 32],
			"rotation": {"angle": 0, "axis": "y", "origin": [8, 1, 8]},
			"faces": {
				"north": {"uv": [3, 0, 3.25, 0.25], "texture": "#0"},
				"east": {"uv": [3, 0, 6, 0.25], "texture": "#0"},
				"south": {"uv": [3, 0, 3.25, 0.25], "texture": "#0"},
				"west": {"uv": [3, 0, 6, 0.25], "texture": "#0"},
				"up": {"uv": [3, 0, 6, 0.25], "rotation": 270, "texture": "#0"},
				"down": {"uv": [3, 0, 6, 0.25], "rotation": 90, "texture": "#0"}
			}
		},
		{
			"from": [31.99, 0, -16],
			"to": [31.99, 16, 32],
			"rotation": {"angle": 0, "axis": "y", "origin": [8, 1, 8]},
			"faces": {
				"east": {"uv": [3, 0, 6, 1], "texture": "#0"},
				"west": {"uv": [3, 0, 6, 1], "texture": "#0"}
			}
		},
		{
			"from": [28, 6, -16],
			"to": [32, 10, 32],
			"rotation": {"angle": 0, "axis": "y", "origin": [8, 1, 8]},
			"faces": {
				"north": {"uv": [3, 0, 3.25, 0.25], "texture": "#0"},
				"east": {"uv": [3, 0, 6, 0.25], "texture": "#0"},
				"south": {"uv": [3, 0, 3.25, 0.25], "texture": "#0"},
				"west": {"uv": [3, 0, 6, 0.25], "texture": "#0"},
				"up": {"uv": [3, 0, 6, 0.25], "rotation": 90, "texture": "#0"},
				"down": {"uv": [3, 0, 6, 0.25], "rotation": 270, "texture": "#0"}
			}
		},
		{
			"from": [-16, 0, 31.99],
			"to": [32, 16, 31.99],
			"rotation": {"angle": 0, "axis": "y", "origin": [8, 1, 8]},
			"faces": {
				"north": {"uv": [3, 0, 6, 1], "texture": "#0"},
				"south": {"uv": [3, 0, 6, 1], "texture": "#0"}
			}
		},
		{
			"from": [-16, 6, 28],
			"to": [32, 10, 32],
			"rotation": {"angle": 0, "axis": "y", "origin": [8, 1, 8]},
			"faces": {
				"north": {"uv": [3, 0, 6, 0.25], "texture": "#0"},
				"east": {"uv": [3, 0, 3.25, 0.25], "texture": "#0"},
				"south": {"uv": [3, 0, 6, 0.25], "texture": "#0"},
				"west": {"uv": [3, 0, 3.25, 0.25], "texture": "#0"},
				"up": {"uv": [3, 0, 6, 0.25], "rotation": 180, "texture": "#0"},
				"down": {"uv": [3, 0, 6, 0.25], "rotation": 180, "texture": "#0"}
			}
		},
		{
			"from": [15, 9, 29],
			"to": [19, 13, 32],
			"faces": {
				"north": {"uv": [6.1875, 0, 6.4375, 0.25], "texture": "#0"},
				"east": {"uv": [6, 0, 6.1875, 0.25], "texture": "#0"},
				"south": {"uv": [6.1875, 0, 6.4375, 0.25], "texture": "#0"},
				"west": {"uv": [6.1875, 0, 6, 0.25], "texture": "#0"},
				"up": {"uv": [6.1875, 0, 6, 0.25], "rotation": 90, "texture": "#0"},
				"down": {"uv": [6, 0, 6.1875, 0.25], "rotation": 90, "texture": "#0"}
			}
		},
		{
			"from": [2, 9, 29],
			"to": [6, 13, 32],
			"faces": {
				"north": {"uv": [6.1875, 0, 6.4375, 0.25], "texture": "#0"},
				"east": {"uv": [6, 0, 6.1875, 0.25], "texture": "#0"},
				"south": {"uv": [6.1875, 0, 6.4375, 0.25], "texture": "#0"},
				"west": {"uv": [6.1875, 0, 6, 0.25], "texture": "#0"},
				"up": {"uv": [6.1875, 0, 6, 0.25], "rotation": 90, "texture": "#0"},
				"down": {"uv": [6, 0, 6.1875, 0.25], "rotation": 90, "texture": "#0"}
			}
		},
		{
			"from": [-4, 9, 29],
			"to": [0, 13, 32],
			"faces": {
				"north": {"uv": [6.1875, 0, 6.4375, 0.25], "texture": "#0"},
				"east": {"uv": [6, 0, 6.1875, 0.25], "texture": "#0"},
				"south": {"uv": [6.1875, 0, 6.4375, 0.25], "texture": "#0"},
				"west": {"uv": [6.1875, 0, 6, 0.25], "texture": "#0"},
				"up": {"uv": [6.1875, 0, 6, 0.25], "rotation": 90, "texture": "#0"},
				"down": {"uv": [6, 0, 6.1875, 0.25], "rotation": 90, "texture": "#0"}
			}
		},
		{
			"from": [16, 9, -16],
			"to": [20, 13, -13],
			"rotation": {"angle": 0, "axis": "y", "origin": [8, 0, 8]},
			"faces": {
				"north": {"uv": [6.1875, 0, 6.4375, 0.25], "texture": "#0"},
				"east": {"uv": [6.1875, 0, 6, 0.25], "texture": "#0"},
				"south": {"uv": [6.1875, 0, 6.4375, 0.25], "texture": "#0"},
				"west": {"uv": [6, 0, 6.1875, 0.25], "texture": "#0"},
				"up": {"uv": [6.1875, 0, 6, 0.25], "rotation": 270, "texture": "#0"},
				"down": {"uv": [6, 0, 6.1875, 0.25], "rotation": 270, "texture": "#0"}
			}
		},
		{
			"from": [21, 9, -16],
			"to": [25, 13, -13],
			"rotation": {"angle": 0, "axis": "y", "origin": [8, 0, 8]},
			"faces": {
				"north": {"uv": [6.1875, 0, 6.4375, 0.25], "texture": "#0"},
				"east": {"uv": [6.1875, 0, 6, 0.25], "texture": "#0"},
				"south": {"uv": [6.1875, 0, 6.4375, 0.25], "texture": "#0"},
				"west": {"uv": [6, 0, 6.1875, 0.25], "texture": "#0"},
				"up": {"uv": [6.1875, 0, 6, 0.25], "rotation": 270, "texture": "#0"},
				"down": {"uv": [6, 0, 6.1875, 0.25], "rotation": 270, "texture": "#0"}
			}
		},
		{
			"from": [-16, 5, -16],
			"to": [32, 5, 32],
			"faces": {
				"north": {"uv": [0, 0, 3.25, 0], "texture": "#0"},
				"east": {"uv": [0, 0, 3.25, 0], "texture": "#0"},
				"south": {"uv": [0, 0, 3.25, 0], "texture": "#0"},
				"west": {"uv": [0, 0, 3.25, 0], "texture": "#0"},
				"up": {"uv": [0, 3.25, 3, 6.25], "texture": "#0"},
				"down": {"uv": [0, 3.25, 3, 6.25], "texture": "#0"}
			}
		},
		{
			"from": [-16, 11, -16],
			"to": [32, 11, 32],
			"faces": {
				"north": {"uv": [0, 0, 3.25, 0], "texture": "#0"},
				"east": {"uv": [0, 0, 3.25, 0], "texture": "#0"},
				"south": {"uv": [0, 0, 3.25, 0], "texture": "#0"},
				"west": {"uv": [0, 0, 3.25, 0], "texture": "#0"},
				"up": {"uv": [0, 3.25, 3, 6.25], "texture": "#0"},
				"down": {"uv": [0, 3.25, 3, 6.25], "texture": "#0"}
			}
		}
	],
	"display": {
		"thirdperson_righthand": {
			"rotation": [75, 45, 0],
			"translation": [0, 2.5, 0],
			"scale": [0.375, 0.375, 0.375]
		},
		"thirdperson_lefthand": {
			"rotation": [75, 45, 0],
			"translation": [0, 2.5, 0],
			"scale": [0.375, 0.375, 0.375]
		},
		"firstperson_righthand": {
			"rotation": [0, 45, 0],
			"scale": [0.4, 0.4, 0.4]
		},
		"firstperson_lefthand": {
			"rotation": [0, 225, 0],
			"scale": [0.4, 0.4, 0.4]
		},
		"ground": {
			"translation": [0, 3, 0],
			"scale": [0.25, 0.25, 0.25]
		},
		"gui": {
			"rotation": [30, 225, 0],
			"scale": [0.625, 0.625, 0.625]
		},
		"fixed": {
			"scale": [0.5, 0.5, 0.5]
		}
	},
	"groups": [
		{
			"name": "glass",
			"origin": [0, 0, 0],
			"color": 0,
			"nbt": "{}",
			"armAnimationEnabled": false,
			"children": [
				0,
				1,
				2,
				3,
				{
					"name": "inner_glass",
					"origin": [0, 0, 0],
					"color": 0,
					"nbt": "{}",
					"armAnimationEnabled": false,
					"children": [4, 5, 6, 7]
				},
				{
					"name": "yellow",
					"origin": [0, 0, 0],
					"color": 0,
					"nbt": "{}",
					"armAnimationEnabled": false,
					"children": [8, 9, 10, 11, 12, 13, 14]
				}
			]
		},
		{
			"name": "glass_borders",
			"origin": [0, 1, 0],
			"color": 0,
			"nbt": "{}",
			"armAnimationEnabled": false,
			"children": [15, 16, 17, 18]
		},
		{
			"name": "inner",
			"origin": [0, 0, 0],
			"color": 0,
			"nbt": "{}",
			"armAnimationEnabled": false,
			"children": [19, 20, 21, 22, 23, 24, 25, 26, 27, 28, 29, 30, 31, 32, 33]
		}
	]
}