{
	"credit": "Made with Blockbench",
	"ambientocclusion": false,
	"texture_size": [32, 32],
	"textures": {
		"0": "RELOADED:blocks/panel/casing",
		"particle": "RELOADED:blocks/panel/casing"
	},
	"elements": [
		{
			"from": [1, 1, 4],
			"to": [15, 15, 12],
			"faces": {
				"north": {"uv": [0.5, 0.5, 7.5, 7.5], "texture": "#0"},
				"east": {"uv": [0.5, 0.5, 4.5, 7.5], "texture": "#0"},
				"south": {"uv": [0.5, 0.5, 7.5, 7.5], "texture": "#0"},
				"west": {"uv": [0.5, 0.5, 4.5, 7.5], "texture": "#0"},
				"up": {"uv": [0.5, 0.5, 7.5, 4.5], "texture": "#0"},
				"down": {"uv": [0.5, 0.5, 7.5, 4.5], "texture": "#0"}
			}
		},
		{
			"from": [0, 0, 3],
			"to": [1, 16, 4],
			"faces": {
				"north": {"uv": [0, 8, 0.5, 16], "texture": "#0"},
				"east": {"uv": [0, 8, 0.5, 16], "texture": "#0"},
				"south": {"uv": [0, 8, 0.5, 16], "texture": "#0"},
				"west": {"uv": [0, 8, 0.5, 16], "texture": "#0"},
				"up": {"uv": [0, 8, 0.5, 8.5], "texture": "#0"},
				"down": {"uv": [0, 8, 0.5, 8.5], "texture": "#0"}
			}
		},
		{
			"from": [0, 0, 12],
			"to": [1, 16, 13],
			"faces": {
				"north": {"uv": [7.5, 8, 8, 16], "texture": "#0"},
				"east": {"uv": [7.5, 8, 8, 16], "texture": "#0"},
				"south": {"uv": [7.5, 8, 8, 16], "texture": "#0"},
				"west": {"uv": [7.5, 8, 8, 16], "texture": "#0"},
				"up": {"uv": [7.5, 8, 8, 8.5], "texture": "#0"},
				"down": {"uv": [7.5, 8, 8, 8.5], "texture": "#0"}
			}
		},
		{
			"from": [15, 0, 3],
			"to": [16, 16, 4],
			"faces": {
				"north": {"uv": [0, 8, 0.5, 16], "texture": "#0"},
				"east": {"uv": [0, 8, 0.5, 16], "texture": "#0"},
				"south": {"uv": [0, 8, 0.5, 16], "texture": "#0"},
				"west": {"uv": [0, 8, 0.5, 16], "texture": "#0"},
				"up": {"uv": [0, 8, 0.5, 8.5], "texture": "#0"},
				"down": {"uv": [0, 8, 0.5, 8.5], "texture": "#0"}
			}
		},
		{
			"from": [15, 0, 12],
			"to": [16, 16, 13],
			"faces": {
				"north": {"uv": [7.5, 8, 8, 16], "texture": "#0"},
				"east": {"uv": [7.5, 8, 8, 16], "texture": "#0"},
				"south": {"uv": [7.5, 8, 8, 16], "texture": "#0"},
				"west": {"uv": [7.5, 8, 8, 16], "texture": "#0"},
				"up": {"uv": [7.5, 8, 8, 8.5], "texture": "#0"},
				"down": {"uv": [7.5, 8, 8, 8.5], "texture": "#0"}
			}
		},
		{
			"from": [0, 15, 12],
			"to": [16, 16, 13],
			"faces": {
				"north": {"uv": [0, 8, 8, 8.5], "texture": "#0"},
				"east": {"uv": [0, 8, 0.5, 8.5], "texture": "#0"},
				"south": {"uv": [0, 8, 8, 8.5], "texture": "#0"},
				"west": {"uv": [0, 8, 0.5, 8.5], "texture": "#0"},
				"up": {"uv": [0, 8, 8, 8.5], "texture": "#0"},
				"down": {"uv": [0, 8, 8, 8.5], "texture": "#0"}
			}
		},
		{
			"from": [0, 15, 3],
			"to": [16, 16, 4],
			"faces": {
				"north": {"uv": [0, 8, 8, 8.5], "texture": "#0"},
				"east": {"uv": [0, 8, 0.5, 8.5], "texture": "#0"},
				"south": {"uv": [0, 8, 8, 8.5], "texture": "#0"},
				"west": {"uv": [0, 8, 0.5, 8.5], "texture": "#0"},
				"up": {"uv": [0, 8, 8, 8.5], "texture": "#0"},
				"down": {"uv": [0, 8, 8, 8.5], "texture": "#0"}
			}
		},
		{
			"from": [0, 0, 12],
			"to": [16, 1, 13],
			"faces": {
				"north": {"uv": [0, 8, 8, 8.5], "texture": "#0"},
				"east": {"uv": [0, 8, 0.5, 8.5], "texture": "#0"},
				"south": {"uv": [0, 8, 8, 8.5], "texture": "#0"},
				"west": {"uv": [0, 8, 0.5, 8.5], "texture": "#0"},
				"up": {"uv": [0, 8, 8, 8.5], "texture": "#0"},
				"down": {"uv": [0, 8, 8, 8.5], "texture": "#0"}
			}
		},
		{
			"from": [0, 0, 3],
			"to": [16, 1, 4],
			"faces": {
				"north": {"uv": [0, 8, 8, 8.5], "texture": "#0"},
				"east": {"uv": [0, 8, 0.5, 8.5], "texture": "#0"},
				"south": {"uv": [0, 8, 8, 8.5], "texture": "#0"},
				"west": {"uv": [0, 8, 0.5, 8.5], "texture": "#0"},
				"up": {"uv": [0, 8, 8, 8.5], "texture": "#0"},
				"down": {"uv": [0, 8, 8, 8.5], "texture": "#0"}
			}
		},
		{
			"from": [0, 15, 3],
			"to": [1, 16, 13],
			"faces": {
				"north": {"uv": [0, 8, 0.5, 8.5], "texture": "#0"},
				"east": {"uv": [0, 8, 5, 8.5], "texture": "#0"},
				"south": {"uv": [0, 8, 0.5, 8.5], "texture": "#0"},
				"west": {"uv": [0, 8, 5, 8.5], "texture": "#0"},
				"up": {"uv": [0, 8, 0.5, 13], "texture": "#0"},
				"down": {"uv": [0, 8, 0.5, 13], "texture": "#0"}
			}
		},
		{
			"from": [15, 15, 3],
			"to": [16, 16, 13],
			"faces": {
				"north": {"uv": [0, 8, 0.5, 8.5], "texture": "#0"},
				"east": {"uv": [0, 8, 5, 8.5], "texture": "#0"},
				"south": {"uv": [0, 8, 0.5, 8.5], "texture": "#0"},
				"west": {"uv": [0, 8, 5, 8.5], "texture": "#0"},
				"up": {"uv": [0, 8, 0.5, 13], "texture": "#0"},
				"down": {"uv": [0, 8, 0.5, 13], "texture": "#0"}
			}
		},
		{
			"from": [0, 0, 3],
			"to": [1, 1, 13],
			"faces": {
				"north": {"uv": [0, 8, 0.5, 8.5], "texture": "#0"},
				"east": {"uv": [0, 8, 5, 8.5], "texture": "#0"},
				"south": {"uv": [0, 8, 0.5, 8.5], "texture": "#0"},
				"west": {"uv": [0, 8, 5, 8.5], "texture": "#0"},
				"up": {"uv": [0, 8, 0.5, 13], "texture": "#0"},
				"down": {"uv": [0, 8, 0.5, 13], "texture": "#0"}
			}
		},
		{
			"from": [15, 0, 3],
			"to": [16, 1, 13],
			"faces": {
				"north": {"uv": [0, 8, 0.5, 8.5], "texture": "#0"},
				"east": {"uv": [0, 8, 5, 8.5], "texture": "#0"},
				"south": {"uv": [0, 8, 0.5, 8.5], "texture": "#0"},
				"west": {"uv": [0, 8, 5, 8.5], "texture": "#0"},
				"up": {"uv": [0, 8, 0.5, 13], "texture": "#0"},
				"down": {"uv": [0, 8, 0.5, 13], "texture": "#0"}
			}
		}
	],
	"display": {
		"thirdperson_righthand": {
			"rotation": [75, 45, 0],
			"translation": [0, 2.5, 0],
			"scale": [0.375, 0.375, 0.375]
		},
		"thirdperson_lefthand": {
			"rotation": [75, 45, 0],
			"translation": [0, 2.5, 0],
			"scale": [0.375, 0.375, 0.375]
		},
		"firstperson_righthand": {
			"rotation": [0, 45, 0],
			"scale": [0.4, 0.4, 0.4]
		},
		"firstperson_lefthand": {
			"rotation": [0, 225, 0],
			"scale": [0.4, 0.4, 0.4]
		},
		"ground": {
			"translation": [0, 3, 0],
			"scale": [0.25, 0.25, 0.25]
		},
		"gui": {
			"rotation": [30, 225, 0],
			"scale": [0.625, 0.625, 0.625]
		},
		"fixed": {
			"scale": [0.5, 0.5, 0.5]
		}
	}
}