{
	"credit": "Made with Blockbench",
	"ambientocclusion": false,
	"textures": {
		"0": "RELOADED:blocks/acivation/indicator_line_off",
		"1": "RELOADED:blocks/acivation/indicator_line_off_middle",
		"particle": "RELOADED:blocks/acivation/indicator_line_off"
	},
	"elements": [
		{
			"from": [6, 0.5, 6],
			"to": [10, 0.5, 10],
			"faces": {
				"north": {"uv": [6, 6, 10, 10], "texture": "#0"},
				"east": {"uv": [6, 6, 10, 10], "texture": "#0"},
				"south": {"uv": [6, 6, 10, 10], "texture": "#0"},
				"west": {"uv": [6, 6, 10, 10], "texture": "#0"},
				"up": {"uv": [6, 6, 10, 10], "texture": "#0"},
				"down": {"uv": [10, 6, 6, 10], "texture": "#0"}
			}
		},
		{
			"from": [6, 0.5, 0.75],
			"to": [10, 0.5, 4.75],
			"faces": {
				"north": {"uv": [6, 6, 10, 10], "texture": "#0"},
				"east": {"uv": [6, 6, 10, 10], "texture": "#0"},
				"south": {"uv": [6, 6, 10, 10], "texture": "#0"},
				"west": {"uv": [6, 6, 10, 10], "texture": "#0"},
				"up": {"uv": [6, 6, 10, 10], "texture": "#0"},
				"down": {"uv": [10, 6, 6, 10], "texture": "#0"}
			}
		},
		{
			"from": [6, 0.5, 11.25],
			"to": [10, 0.5, 15.25],
			"faces": {
				"north": {"uv": [6, 6, 10, 10], "texture": "#0"},
				"east": {"uv": [6, 6, 10, 10], "texture": "#0"},
				"south": {"uv": [6, 6, 10, 10], "texture": "#0"},
				"west": {"uv": [6, 6, 10, 10], "texture": "#0"},
				"up": {"uv": [6, 6, 10, 10], "texture": "#0"},
				"down": {"uv": [10, 6, 6, 10], "texture": "#0"}
			}
		},
		{
			"from": [0.75, 6, 15.5],
			"to": [4.75, 10, 15.5],
			"rotation": {"angle": 0, "axis": "y", "origin": [8, 8, 8]},
			"faces": {
				"north": {"uv": [6, 6, 10, 10], "rotation": 180, "texture": "#0"},
				"east": {"uv": [6, 6, 10, 10], "rotation": 90, "texture": "#0"},
				"south": {"uv": [10, 6, 6, 10], "texture": "#0"},
				"west": {"uv": [6, 6, 10, 10], "rotation": 270, "texture": "#0"},
				"up": {"uv": [6, 6, 10, 10], "texture": "#0"},
				"down": {"uv": [6, 6, 10, 10], "rotation": 180, "texture": "#0"}
			}
		},
		{
			"from": [5, 5, 15.5],
			"to": [11, 11, 15.5],
			"rotation": {"angle": 0, "axis": "y", "origin": [8, 8, 8]},
			"faces": {
				"north": {"uv": [5, 5, 11, 11], "rotation": 180, "texture": "#1"},
				"east": {"uv": [5, 5, 11, 11], "rotation": 90, "texture": "#1"},
				"south": {"uv": [5, 5, 11, 11], "texture": "#1"},
				"west": {"uv": [5, 5, 11, 11], "rotation": 270, "texture": "#1"},
				"up": {"uv": [5, 5, 11, 11], "texture": "#1"},
				"down": {"uv": [5, 5, 11, 11], "rotation": 180, "texture": "#1"}
			}
		},
		{
			"from": [6, 0.75, 15.5],
			"to": [10, 4.75, 15.5],
			"rotation": {"angle": 0, "axis": "y", "origin": [8, 8, 8]},
			"faces": {
				"north": {"uv": [6, 6, 10, 10], "rotation": 180, "texture": "#0"},
				"east": {"uv": [6, 6, 10, 10], "rotation": 90, "texture": "#0"},
				"south": {"uv": [10, 6, 6, 10], "texture": "#0"},
				"west": {"uv": [6, 6, 10, 10], "rotation": 270, "texture": "#0"},
				"up": {"uv": [6, 6, 10, 10], "texture": "#0"},
				"down": {"uv": [6, 6, 10, 10], "rotation": 180, "texture": "#0"}
			}
		}
	]
}