{
	"credit": "Made with Blockbench",
	"ambientocclusion": false,
	"texture_size": [16, 32],
	"textures": {
		"0": "RELOADED:blocks/lamps/lamp",
		"particle": "RELOADED:blocks/lamps/lamp"
	},
	"elements": [
		{
			"from": [9, 0, 15.99],
			"to": [15, 32, 15.99],
			"faces": {
				"north": {"uv": [0, 0, 6, 16], "texture": "#0"},
				"east": {"uv": [0, 0, 0, 16], "texture": "#0"},
				"south": {"uv": [0, 0, 6, 16], "texture": "#0"},
				"west": {"uv": [0, 0, 0, 16], "texture": "#0"},
				"up": {"uv": [0, 0, 6, 0], "texture": "#0"},
				"down": {"uv": [0, 0, 6, 0], "texture": "#0"}
			}
		},
		{
			"from": [8, 0, 15.55],
			"to": [16, 32, 16.55],
			"faces": {
				"north": {"uv": [7, 0, 15, 16], "texture": "#0"},
				"east": {"uv": [7, 0, 8, 16], "texture": "#0"},
				"south": {"uv": [7, 0, 15, 16], "texture": "#0"},
				"west": {"uv": [7, 0, 8, 16], "texture": "#0"},
				"up": {"uv": [7, 0, 15, 0.5], "texture": "#0"},
				"down": {"uv": [7, 0, 15, 0.5], "texture": "#0"}
			}
		}
	],
	"display": {
		"thirdperson_righthand": {
			"rotation": [75, 45, 0],
			"translation": [0, 2.5, 0],
			"scale": [0.375, 0.375, 0.375]
		},
		"thirdperson_lefthand": {
			"rotation": [75, 45, 0],
			"translation": [0, 2.5, 0],
			"scale": [0.375, 0.375, 0.375]
		},
		"firstperson_righthand": {
			"rotation": [0, 45, 0],
			"scale": [0.4, 0.4, 0.4]
		},
		"firstperson_lefthand": {
			"rotation": [0, 225, 0],
			"scale": [0.4, 0.4, 0.4]
		},
		"ground": {
			"translation": [0, 3, 0],
			"scale": [0.25, 0.25, 0.25]
		},
		"gui": {
			"rotation": [30, 225, 0],
			"scale": [0.625, 0.625, 0.625]
		},
		"fixed": {
			"scale": [0.5, 0.5, 0.5]
		}
	},
	"groups": [
		{
			"name": "group",
			"origin": [0, 0, 0],
			"color": 0,
			"nbt": "{}",
			"armAnimationEnabled": false,
			"children": [0, 1]
		}
	]
}