{
	"credit": "Made with Blockbench",
	"ambientocclusion": false,
	"texture_size": [32, 32],
	"textures": {
		"0": "RELOADED:blocks/laser/laser_emitter",
		"particle": "RELOADED:blocks/laser/laser_emitter"
	},
	"elements": [
		{
			"from": [0, 0, 15],
			"to": [16, 16, 16],
			"faces": {
				"north": {"uv": [0, 0, 8, 8], "texture": "#0"},
				"east": {"uv": [0, 0, 0.5, 8], "texture": "#0"},
				"south": {"uv": [0, 0, 8, 8], "texture": "#0"},
				"west": {"uv": [0, 0, 0.5, 8], "texture": "#0"},
				"up": {"uv": [0, 0, 8, 0.5], "texture": "#0"},
				"down": {"uv": [0, 0, 8, 0.5], "texture": "#0"}
			}
		},
		{
			"from": [4.5, 4.5, 13],
			"to": [11.5, 11.5, 15],
			"faces": {
				"north": {"uv": [8, 0, 11.5, 3.5], "texture": "#0"},
				"east": {"uv": [8, 3.5, 11.5, 4.5], "rotation": 90, "texture": "#0"},
				"south": {"uv": [8, 0, 11.5, 3.5], "texture": "#0"},
				"west": {"uv": [11.5, 4.5, 8, 3.5], "rotation": 90, "texture": "#0"},
				"up": {"uv": [8, 3.5, 11.5, 4.5], "texture": "#0"},
				"down": {"uv": [11.5, 4.5, 8, 3.5], "texture": "#0"}
			}
		},
		{
			"from": [8, 7.5, 11],
			"to": [8, 8.5, 15],
			"faces": {
				"north": {"uv": [11.5, 0, 12, 0], "rotation": 90, "texture": "#0"},
				"east": {"uv": [11.5, 0, 12, 2], "rotation": 90, "texture": "#0"},
				"south": {"uv": [11.5, 0, 12, 0], "rotation": 90, "texture": "#0"},
				"west": {"uv": [11.5, 2, 12, 0], "rotation": 90, "texture": "#0"},
				"up": {"uv": [11.5, 0, 13.5, 0], "rotation": 90, "texture": "#0"},
				"down": {"uv": [11.5, 0, 13.5, 0], "rotation": 90, "texture": "#0"}
			}
		},
		{
			"from": [7.5, 7.5, 11],
			"to": [8.5, 8.5, 11],
			"faces": {
				"north": {"uv": [12, 0, 12.5, 0.5], "rotation": 90, "texture": "#0"},
				"east": {"uv": [12, 0, 12.5, 0], "rotation": 90, "texture": "#0"},
				"south": {"uv": [12, 0, 12.5, 0.5], "rotation": 90, "texture": "#0"},
				"west": {"uv": [12, 0, 12.5, 0], "rotation": 90, "texture": "#0"},
				"up": {"uv": [12, 0, 12, 0.5], "rotation": 90, "texture": "#0"},
				"down": {"uv": [12, 0, 12, 0.5], "rotation": 90, "texture": "#0"}
			}
		},
		{
			"from": [7.5, 8, 11],
			"to": [8.5, 8, 15],
			"rotation": {"angle": 0, "axis": "z", "origin": [8, 8, 12]},
			"faces": {
				"north": {"uv": [11.5, 0, 12, 0], "rotation": 180, "texture": "#0"},
				"east": {"uv": [11.5, 0, 13.5, 0], "texture": "#0"},
				"south": {"uv": [11.5, 0, 12, 0], "texture": "#0"},
				"west": {"uv": [11.5, 0, 13.5, 0], "texture": "#0"},
				"up": {"uv": [11.5, 0, 12, 2], "texture": "#0"},
				"down": {"uv": [11.5, 2, 12, 0], "texture": "#0"}
			}
		},
		{
			"from": [5.5, 5.5, 13.5],
			"to": [10.5, 10.5, 13.5],
			"faces": {
				"north": {"uv": [12.5, 0, 15, 2.5], "texture": "#0"},
				"east": {"uv": [12.5, 0, 12.5, 2.5], "texture": "#0"},
				"south": {"uv": [12.5, 0, 15, 2.5], "texture": "#0"},
				"west": {"uv": [12.5, 0, 12.5, 2.5], "texture": "#0"},
				"up": {"uv": [12.5, 0, 15, 0], "texture": "#0"},
				"down": {"uv": [12.5, 0, 15, 0], "texture": "#0"}
			}
		},
		{
			"from": [5.5, 5.5, 12.5],
			"to": [10.5, 10.5, 12.5],
			"faces": {
				"north": {"uv": [12.5, 0, 15, 2.5], "texture": "#0"},
				"east": {"uv": [12.5, 0, 12.5, 2.5], "texture": "#0"},
				"south": {"uv": [12.5, 0, 15, 2.5], "texture": "#0"},
				"west": {"uv": [12.5, 0, 12.5, 2.5], "texture": "#0"},
				"up": {"uv": [12.5, 0, 15, 0], "texture": "#0"},
				"down": {"uv": [12.5, 0, 15, 0], "texture": "#0"}
			}
		},
		{
			"from": [8, 4.5, 10],
			"to": [8, 11.5, 14],
			"faces": {
				"north": {"uv": [8, 4.5, 8, 8], "texture": "#0"},
				"east": {"uv": [8, 4.5, 10, 8], "texture": "#0"},
				"south": {"uv": [8, 4.5, 8, 8], "texture": "#0"},
				"west": {"uv": [10, 4.5, 8, 8], "texture": "#0"},
				"up": {"uv": [8, 4.5, 8, 6.5], "texture": "#0"},
				"down": {"uv": [8, 4.5, 8, 6.5], "texture": "#0"}
			}
		},
		{
			"from": [4.5, 8, 10],
			"to": [11.5, 8, 14],
			"rotation": {"angle": 0, "axis": "z", "origin": [8, 8, 11]},
			"faces": {
				"north": {"uv": [8, 4.5, 8, 8], "rotation": 90, "texture": "#0"},
				"east": {"uv": [8, 4.5, 8, 6.5], "rotation": 270, "texture": "#0"},
				"south": {"uv": [8, 4.5, 8, 8], "rotation": 270, "texture": "#0"},
				"west": {"uv": [8, 4.5, 8, 6.5], "rotation": 270, "texture": "#0"},
				"up": {"uv": [8, 4.5, 10, 8], "rotation": 270, "texture": "#0"},
				"down": {"uv": [10, 4.5, 8, 8], "rotation": 270, "texture": "#0"}
			}
		}
	],
	"display": {
		"thirdperson_righthand": {
			"rotation": [75, 45, 0],
			"translation": [0, 2.5, 0],
			"scale": [0.375, 0.375, 0.375]
		},
		"thirdperson_lefthand": {
			"rotation": [75, 45, 0],
			"translation": [0, 2.5, 0],
			"scale": [0.375, 0.375, 0.375]
		},
		"firstperson_righthand": {
			"rotation": [0, 45, 0],
			"scale": [0.4, 0.4, 0.4]
		},
		"firstperson_lefthand": {
			"rotation": [0, 225, 0],
			"scale": [0.4, 0.4, 0.4]
		},
		"ground": {
			"translation": [0, 3, 0],
			"scale": [0.25, 0.25, 0.25]
		},
		"gui": {
			"rotation": [30, 225, 0],
			"scale": [0.625, 0.625, 0.625]
		},
		"fixed": {
			"scale": [0.5, 0.5, 0.5]
		}
	}
}