{
	"credit": "Made with Blockbench",
	"ambientocclusion": false,
	"texture_size": [32, 32],
	"textures": {
		"0": "RELOADED:blocks/laser/laser_receiver",
		"particle": "RELOADED:blocks/laser/laser_receiver"
	},
	"elements": [
		{
			"name": "bone",
			"from": [0, 0, 15],
			"to": [16, 16, 16],
			"faces": {
				"north": {"uv": [8, 8, 16, 16], "texture": "#0"},
				"east": {"uv": [8, 8, 8.5, 16], "texture": "#0"},
				"south": {"uv": [8, 8, 16, 16], "texture": "#0"},
				"west": {"uv": [8, 8, 8.5, 16], "texture": "#0"},
				"up": {"uv": [8, 8, 16, 8.5], "texture": "#0"},
				"down": {"uv": [8, 8, 16, 8.5], "texture": "#0"}
			}
		},
		{
			"name": "bone",
			"from": [8, 7.5, 11],
			"to": [8, 8.5, 15],
			"faces": {
				"north": {"uv": [7.5, 0, 8, 0], "texture": "#0"},
				"east": {"uv": [7.5, 0, 8, 2], "texture": "#0"},
				"south": {"uv": [7.5, 0, 8, 0], "texture": "#0"},
				"west": {"uv": [7.5, 2, 8, 0], "texture": "#0"},
				"up": {"uv": [7.5, 0, 9.5, 0], "texture": "#0"},
				"down": {"uv": [7.5, 0, 9.5, 0], "texture": "#0"}
			}
		},
		{
			"name": "bone",
			"from": [7.5, 8, 11],
			"to": [8.5, 8, 15],
			"faces": {
				"north": {"uv": [7.5, 0, 8, 0], "texture": "#0"},
				"east": {"uv": [7.5, 0, 9.5, 0], "texture": "#0"},
				"south": {"uv": [7.5, 0, 8, 0], "texture": "#0"},
				"west": {"uv": [7.5, 0, 9.5, 0], "texture": "#0"},
				"up": {"uv": [7.5, 0, 8, 2], "texture": "#0"},
				"down": {"uv": [7.5, 2, 8, 0], "texture": "#0"}
			}
		},
		{
			"name": "inner",
			"from": [5.5, 5.5, 13.5],
			"to": [10.5, 10.5, 13.5],
			"faces": {
				"north": {"uv": [8.5, 0, 11, 2.5], "texture": "#0"},
				"east": {"uv": [8.5, 0, 8.5, 2.5], "texture": "#0"},
				"south": {"uv": [8.5, 0, 11, 2.5], "texture": "#0"},
				"west": {"uv": [8.5, 0, 8.5, 2.5], "texture": "#0"},
				"up": {"uv": [8.5, 0, 11, 0], "texture": "#0"},
				"down": {"uv": [8.5, 0, 11, 0], "texture": "#0"}
			}
		},
		{
			"name": "middle",
			"from": [3, 3, 13],
			"to": [13, 13, 15],
			"faces": {
				"north": {"uv": [0, 8, 5, 13], "texture": "#0"},
				"east": {"uv": [0, 13, 5, 14], "rotation": 90, "texture": "#0"},
				"south": {"uv": [0, 8, 5, 13], "texture": "#0"},
				"west": {"uv": [5, 14, 0, 13], "rotation": 90, "texture": "#0"},
				"up": {"uv": [0, 13, 5, 14], "texture": "#0"},
				"down": {"uv": [5, 14, 0, 13], "texture": "#0"}
			}
		}
	],
	"display": {
		"thirdperson_righthand": {
			"rotation": [75, 45, 0],
			"translation": [0, 2.5, 0],
			"scale": [0.375, 0.375, 0.375]
		},
		"thirdperson_lefthand": {
			"rotation": [75, 45, 0],
			"translation": [0, 2.5, 0],
			"scale": [0.375, 0.375, 0.375]
		},
		"firstperson_righthand": {
			"rotation": [0, 45, 0],
			"scale": [0.4, 0.4, 0.4]
		},
		"firstperson_lefthand": {
			"rotation": [0, 225, 0],
			"scale": [0.4, 0.4, 0.4]
		},
		"ground": {
			"translation": [0, 3, 0],
			"scale": [0.25, 0.25, 0.25]
		},
		"gui": {
			"rotation": [30, 225, 0],
			"scale": [0.625, 0.625, 0.625]
		},
		"fixed": {
			"scale": [0.5, 0.5, 0.5]
		}
	},
	"groups": [
		{
			"name": "bone",
			"origin": [-8, 0, -8],
			"color": 0,
			"nbt": "{}",
			"armAnimationEnabled": false,
			"children": [
				0,
				1,
				2,
				{
					"name": "inner",
					"origin": [0, 8, 5.5],
					"color": 1,
					"nbt": "{}",
					"armAnimationEnabled": false,
					"children": [
						3,
						{
							"name": "middle",
							"origin": [0, 8, 6],
							"color": 2,
							"nbt": "{}",
							"armAnimationEnabled": false,
							"children": [4]
						}
					]
				}
			]
		}
	]
}