{
	"credit": "Made with Blockbench",
	"ambientocclusion": false,
	"texture_size": [48, 48],
	"textures": {
		"0": "RELOADED:blocks/panel/panel",
		"particle": "RELOADED:blocks/panel/panel"
	},
	"elements": [
		{
			"from": [0, 15.5, 10],
			"to": [16, 15.5, 11],
			"rotation": {"angle": 0, "axis": "y", "origin": [0.5, 0, 0]},
			"faces": {
				"north": {"uv": [0, 0, 5.33333, 0], "texture": "#0"},
				"east": {"uv": [0, 0, 0.33333, 0], "texture": "#0"},
				"south": {"uv": [0, 0, 5.33333, 0], "texture": "#0"},
				"west": {"uv": [0, 0, 0.33333, 0], "texture": "#0"},
				"up": {"uv": [0, 0, 5.33333, 0.33333], "texture": "#0"},
				"down": {"uv": [0, 0, 5.33333, 0.33333], "texture": "#0"}
			}
		},
		{
			"from": [0, 15.5, 5],
			"to": [16, 15.5, 6],
			"rotation": {"angle": 0, "axis": "y", "origin": [0.5, 0, 0]},
			"faces": {
				"north": {"uv": [0, 0, 5.33333, 0], "texture": "#0"},
				"east": {"uv": [0, 0, 0.33333, 0], "texture": "#0"},
				"south": {"uv": [0, 0, 5.33333, 0], "texture": "#0"},
				"west": {"uv": [0, 0, 0.33333, 0], "texture": "#0"},
				"up": {"uv": [0, 0, 5.33333, 0.33333], "texture": "#0"},
				"down": {"uv": [0, 0, 5.33333, 0.33333], "texture": "#0"}
			}
		},
		{
			"from": [0, 15, 0],
			"to": [0, 16, 16],
			"rotation": {"angle": 0, "axis": "y", "origin": [0.5, 0, 0]},
			"faces": {
				"north": {"uv": [0, 0, 0, 0.33333], "texture": "#0"},
				"east": {"uv": [0, 0, 5.33333, 0.33333], "texture": "#0"},
				"south": {"uv": [0, 0, 0, 0.33333], "texture": "#0"},
				"west": {"uv": [0, 0, 5.33333, 0.33333], "texture": "#0"},
				"up": {"uv": [0, 0, 0, 5.33333], "texture": "#0"},
				"down": {"uv": [0, 0, 0, 5.33333], "texture": "#0"}
			}
		},
		{
			"from": [16, 15, 0],
			"to": [16, 16, 16],
			"rotation": {"angle": 0, "axis": "y", "origin": [0.5, 0, 0]},
			"faces": {
				"north": {"uv": [0, 0, 0, 0.33333], "texture": "#0"},
				"east": {"uv": [0, 0, 5.33333, 0.33333], "texture": "#0"},
				"south": {"uv": [0, 0, 0, 0.33333], "texture": "#0"},
				"west": {"uv": [0, 0, 5.33333, 0.33333], "texture": "#0"},
				"up": {"uv": [0, 0, 0, 5.33333], "texture": "#0"},
				"down": {"uv": [0, 0, 0, 5.33333], "texture": "#0"}
			}
		},
		{
			"from": [0, 15, 0],
			"to": [16, 16, 0],
			"rotation": {"angle": 0, "axis": "y", "origin": [0.5, 0, 0]},
			"faces": {
				"north": {"uv": [0, 0, 5.33333, 0.33333], "texture": "#0"},
				"east": {"uv": [0, 0, 0, 0.33333], "texture": "#0"},
				"south": {"uv": [0, 0, 5.33333, 0.33333], "texture": "#0"},
				"west": {"uv": [0, 0, 0, 0.33333], "texture": "#0"},
				"up": {"uv": [0, 0, 5.33333, 0], "texture": "#0"},
				"down": {"uv": [0, 0, 5.33333, 0], "texture": "#0"}
			}
		},
		{
			"from": [0, 15, 16],
			"to": [16, 16, 16],
			"rotation": {"angle": 0, "axis": "y", "origin": [0.5, 0, 0]},
			"faces": {
				"north": {"uv": [0, 0, 5.33333, 0.33333], "texture": "#0"},
				"east": {"uv": [0, 0, 0, 0.33333], "texture": "#0"},
				"south": {"uv": [0, 0, 5.33333, 0.33333], "texture": "#0"},
				"west": {"uv": [0, 0, 0, 0.33333], "texture": "#0"},
				"up": {"uv": [0, 0, 5.33333, 0], "texture": "#0"},
				"down": {"uv": [0, 0, 5.33333, 0], "texture": "#0"}
			}
		},
		{
			"from": [0, 16, 0],
			"to": [16, 16, 16],
			"faces": {
				"north": {"uv": [0, 0, 5.33333, 0], "texture": "#0"},
				"east": {"uv": [0, 0, 5.33333, 0], "texture": "#0"},
				"south": {"uv": [0, 0, 5.33333, 0], "texture": "#0"},
				"west": {"uv": [0, 0, 5.33333, 0], "texture": "#0"},
				"up": {"uv": [0, 0, 5.33333, 5.33333], "texture": "#0"},
				"down": {"uv": [0, 0, 5.33333, 5.33333], "texture": "#0"}
			}
		},
		{
			"from": [0, 15, 0],
			"to": [16, 15, 16],
			"rotation": {"angle": 0, "axis": "y", "origin": [0.5, 0, 0]},
			"faces": {
				"north": {"uv": [0, 0, 5.33333, 0], "texture": "#0"},
				"east": {"uv": [0, 0, 5.33333, 0], "texture": "#0"},
				"south": {"uv": [0, 0, 5.33333, 0], "texture": "#0"},
				"west": {"uv": [0, 0, 5.33333, 0], "texture": "#0"},
				"up": {"uv": [0, 0, 5.33333, 5.33333], "texture": "#0"},
				"down": {"uv": [0, 0, 5.33333, 5.33333], "texture": "#0"}
			}
		},
		{
			"from": [5.5, 13.5, 1],
			"to": [7.5, 15.5, 15],
			"rotation": {"angle": 0, "axis": "x", "origin": [8, 15.5, 1]},
			"faces": {
				"north": {"uv": [5.33333, 0, 6, 0.66667], "rotation": 180, "texture": "#0"},
				"east": {"uv": [5.33333, 0, 6, 4.66667], "rotation": 270, "texture": "#0"},
				"south": {"uv": [5.33333, 0, 6, 0.66667], "texture": "#0"},
				"west": {"uv": [5.33333, 0, 6, 4.66667], "rotation": 90, "texture": "#0"},
				"up": {"uv": [5.33333, 0, 6, 4.66667], "rotation": 180, "texture": "#0"},
				"down": {"uv": [5.33333, 0, 6, 4.66667], "texture": "#0"}
			}
		},
		{
			"from": [8.5, 13.5, 1],
			"to": [10.5, 15.5, 15],
			"rotation": {"angle": 0, "axis": "x", "origin": [8, 15.5, 1]},
			"faces": {
				"north": {"uv": [5.33333, 0, 6, 0.66667], "rotation": 180, "texture": "#0"},
				"east": {"uv": [5.33333, 0, 6, 4.66667], "rotation": 270, "texture": "#0"},
				"south": {"uv": [5.33333, 0, 6, 0.66667], "texture": "#0"},
				"west": {"uv": [5.33333, 0, 6, 4.66667], "rotation": 90, "texture": "#0"},
				"up": {"uv": [5.33333, 0, 6, 4.66667], "rotation": 180, "texture": "#0"},
				"down": {"uv": [5.33333, 0, 6, 4.66667], "texture": "#0"}
			}
		},
		{
			"from": [6, 13, 13.5],
			"to": [10, 16, 15.5],
			"rotation": {"angle": 0, "axis": "y", "origin": [7.5, 15, 1.5]},
			"faces": {
				"north": {"uv": [6.33333, 0, 7.66667, 1], "texture": "#0"},
				"east": {"uv": [7.66667, 0, 8.33333, 1], "texture": "#0"},
				"south": {"uv": [6.33333, 0, 7.66667, 1], "texture": "#0"},
				"west": {"uv": [7.66667, 0, 8.33333, 1], "texture": "#0"},
				"up": {"uv": [7.66667, 0, 9, 0.66667], "texture": "#0"},
				"down": {"uv": [7.66667, 0, 9, 0.66667], "texture": "#0"}
			}
		},
		{
			"from": [5, 12.75, 12.75],
			"to": [6, 15.75, 15.75],
			"rotation": {"angle": 0, "axis": "y", "origin": [6.5, 14.75, 1]},
			"faces": {
				"north": {"uv": [6.33333, 1, 6.66667, 2], "texture": "#0"},
				"east": {"uv": [6.33333, 1, 7.33333, 2], "texture": "#0"},
				"south": {"uv": [6.33333, 1, 6.66667, 2], "texture": "#0"},
				"west": {"uv": [6.33333, 1, 7.33333, 2], "texture": "#0"},
				"up": {"uv": [6.33333, 1, 6.66667, 2], "texture": "#0"},
				"down": {"uv": [6.33333, 1, 6.66667, 2], "texture": "#0"}
			}
		},
		{
			"from": [10, 12.75, 12.75],
			"to": [11, 15.75, 15.75],
			"rotation": {"angle": 0, "axis": "y", "origin": [11.5, 14.75, 1]},
			"faces": {
				"north": {"uv": [6.33333, 1, 6.66667, 2], "texture": "#0"},
				"east": {"uv": [6.33333, 1, 7.33333, 2], "texture": "#0"},
				"south": {"uv": [6.33333, 1, 6.66667, 2], "texture": "#0"},
				"west": {"uv": [6.33333, 1, 7.33333, 2], "texture": "#0"},
				"up": {"uv": [6.33333, 1, 6.66667, 2], "texture": "#0"},
				"down": {"uv": [6.33333, 1, 6.66667, 2], "texture": "#0"}
			}
		},
		{
			"from": [-0.01, 15.99, -0.01],
			"to": [16.01, 16.01, 16.01],
			"faces": {
				"north": {"uv": [0, 5.33333, 5.33333, 5.33333], "texture": "#0"},
				"east": {"uv": [0, 5.33333, 5.33333, 5.33333], "texture": "#0"},
				"south": {"uv": [0, 5.33333, 5.33333, 5.33333], "texture": "#0"},
				"west": {"uv": [0, 5.33333, 5.33333, 5.33333], "texture": "#0"},
				"up": {"uv": [0, 10.66667, 5.33333, 16], "texture": "#0"},
				"down": {"uv": [5.33333, 5.33333, 10.66667, 10.66667], "texture": "#0"}
			}
		},
		{
			"from": [5.75, 2.75, 12.25],
			"to": [10.25, 5.25, 14.75],
			"rotation": {"angle": -45, "axis": "x", "origin": [8, 2.5, 14.5]},
			"faces": {
				"north": {"uv": [5.33333, 4.33333, 7, 5.33333], "texture": "#0"},
				"east": {"uv": [5.33333, 3.33333, 6.33333, 4.33333], "texture": "#0"},
				"south": {"uv": [5.33333, 4.33333, 7, 5.33333], "texture": "#0"},
				"west": {"uv": [5.33333, 3.33333, 6.33333, 4.33333], "texture": "#0"},
				"up": {"uv": [7, 4.33333, 8.66667, 5.33333], "texture": "#0"},
				"down": {"uv": [7, 4.33333, 8.66667, 5.33333], "texture": "#0"}
			}
		},
		{
			"from": [6.75, 5.25, 12.25],
			"to": [9.25, 12.75, 14.75],
			"rotation": {"angle": -45, "axis": "x", "origin": [8, 2.5, 14.5]},
			"faces": {
				"north": {"uv": [5.33333, 1.66667, 6.33333, 4.33333], "texture": "#0"},
				"east": {"uv": [5.33333, 1.66667, 6.33333, 4.33333], "texture": "#0"},
				"south": {"uv": [5.33333, 1.66667, 6.33333, 4.33333], "texture": "#0"},
				"west": {"uv": [5.33333, 1.66667, 6.33333, 4.33333], "texture": "#0"},
				"up": {"uv": [5.33333, 0, 6.33333, 1], "texture": "#0"},
				"down": {"uv": [5.33333, 0, 6.33333, 1], "texture": "#0"}
			}
		},
		{
			"from": [7.5, 12.75, 13],
			"to": [8.5, 20.75, 14],
			"rotation": {"angle": -45, "axis": "x", "origin": [8, 2.5, 14.5]},
			"faces": {
				"north": {"uv": [0, 2.66667, 0.33333, 5.33333], "texture": "#0"},
				"east": {"uv": [0, 2.66667, 0.33333, 5.33333], "texture": "#0"},
				"south": {"uv": [0, 2.66667, 0.33333, 5.33333], "texture": "#0"},
				"west": {"uv": [0, 2.66667, 0.33333, 5.33333], "texture": "#0"},
				"up": {"uv": [0, 2.66667, 0.33333, 3], "texture": "#0"},
				"down": {"uv": [0, 2.66667, 0.33333, 3], "texture": "#0"}
			}
		},
		{
			"from": [10, 0.5, 12],
			"to": [11, 3.5, 15],
			"rotation": {"angle": 22.5, "axis": "x", "origin": [8, 3, 13.5]},
			"faces": {
				"north": {"uv": [6.33333, 1, 6.66667, 2], "texture": "#0"},
				"east": {"uv": [6.33333, 1, 7.33333, 2], "texture": "#0"},
				"south": {"uv": [6.33333, 1, 6.66667, 2], "texture": "#0"},
				"west": {"uv": [6.33333, 1, 7.33333, 2], "texture": "#0"},
				"up": {"uv": [6.33333, 1, 6.66667, 2], "texture": "#0"},
				"down": {"uv": [6.33333, 1, 6.66667, 2], "texture": "#0"}
			}
		},
		{
			"from": [5, 0.5, 12],
			"to": [6, 3.5, 15],
			"rotation": {"angle": 22.5, "axis": "x", "origin": [8, 3, 13.5]},
			"faces": {
				"north": {"uv": [6.33333, 1, 6.66667, 2], "texture": "#0"},
				"east": {"uv": [6.33333, 1, 7.33333, 2], "texture": "#0"},
				"south": {"uv": [6.33333, 1, 6.66667, 2], "texture": "#0"},
				"west": {"uv": [6.33333, 1, 7.33333, 2], "texture": "#0"},
				"up": {"uv": [6.33333, 1, 6.66667, 2], "texture": "#0"},
				"down": {"uv": [6.33333, 1, 6.66667, 2], "texture": "#0"}
			}
		},
		{
			"from": [5.5, 1, 6],
			"to": [10.5, 2, 12],
			"rotation": {"angle": 22.5, "axis": "x", "origin": [8, 3, 13.5]},
			"faces": {
				"north": {"uv": [6.33333, 2, 8, 2.33333], "texture": "#0"},
				"east": {"uv": [6.33333, 2, 6.66667, 4], "rotation": 90, "texture": "#0"},
				"south": {"uv": [6.33333, 3.66667, 8, 4], "rotation": 180, "texture": "#0"},
				"west": {"uv": [6.33333, 2, 6.66667, 4], "rotation": 270, "texture": "#0"},
				"up": {"uv": [6.33333, 2, 8, 4], "texture": "#0"},
				"down": {"uv": [6.33333, 2, 8, 4], "rotation": 180, "texture": "#0"}
			}
		},
		{
			"from": [5.5, 2, 6],
			"to": [10.5, 3, 12],
			"rotation": {"angle": 22.5, "axis": "x", "origin": [8, 3, 13.5]},
			"faces": {
				"north": {"uv": [6.33333, 2, 8, 2.33333], "texture": "#0"},
				"east": {"uv": [6.33333, 2, 6.66667, 4], "rotation": 90, "texture": "#0"},
				"south": {"uv": [6.33333, 3.66667, 8, 4], "rotation": 180, "texture": "#0"},
				"west": {"uv": [6.33333, 2, 6.66667, 4], "rotation": 270, "texture": "#0"},
				"up": {"uv": [6.33333, 2, 8, 4], "texture": "#0"},
				"down": {"uv": [6.33333, 2, 8, 4], "rotation": 180, "texture": "#0"}
			}
		},
		{
			"from": [4.5, 0, 2],
			"to": [11.5, 4, 6],
			"rotation": {"angle": 22.5, "axis": "x", "origin": [8, 3, 13.5]},
			"faces": {
				"north": {"uv": [9, 0.33333, 11.33333, 1.66667], "texture": "#0"},
				"east": {"uv": [8.33333, 2.33333, 9.66667, 3.66667], "texture": "#0"},
				"south": {"uv": [9, 0.33333, 11.33333, 1.66667], "texture": "#0"},
				"west": {"uv": [8.33333, 2.33333, 9.66667, 3.66667], "texture": "#0"},
				"up": {"uv": [9, 0.33333, 11.33333, 1.66667], "texture": "#0"},
				"down": {"uv": [9, 0.33333, 11.33333, 1.66667], "texture": "#0"}
			}
		},
		{
			"from": [6.74, -5.86, 1.34],
			"to": [9.26, -3.34, 5.86],
			"rotation": {"angle": 45, "axis": "x", "origin": [8, 1, 14.5]},
			"faces": {
				"north": {"uv": [5.33333, 0, 6.33333, 1], "rotation": 180, "texture": "#0"},
				"east": {"uv": [5.33333, 1.66667, 6.33333, 3.33333], "rotation": 90, "texture": "#0"},
				"south": {"uv": [5.33333, 0, 6.33333, 1], "texture": "#0"},
				"west": {"uv": [5.33333, 1.66667, 6.33333, 3.33333], "rotation": 270, "texture": "#0"},
				"up": {"uv": [5.33333, 1.66667, 6.33333, 3.33333], "texture": "#0"},
				"down": {"uv": [5.33333, 1.66667, 6.33333, 3.33333], "rotation": 180, "texture": "#0"}
			}
		},
		{
			"from": [6.75, 5.50071, 0.39389],
			"to": [9.25, 8.00071, 3.89389],
			"rotation": {"angle": 0, "axis": "x", "origin": [8, 3, 13.5]},
			"faces": {
				"north": {"uv": [5.33333, 0, 6.33333, 1], "rotation": 180, "texture": "#0"},
				"east": {"uv": [5.33333, 1.66667, 6.33333, 3], "rotation": 90, "texture": "#0"},
				"south": {"uv": [5.33333, 0, 6.33333, 1], "texture": "#0"},
				"west": {"uv": [5.33333, 1.66667, 6.33333, 3], "rotation": 270, "texture": "#0"},
				"up": {"uv": [5.33333, 1.66667, 6.33333, 3], "texture": "#0"},
				"down": {"uv": [5.33333, 1.66667, 6.33333, 3], "rotation": 180, "texture": "#0"}
			}
		},
		{
			"from": [3, -0.99, 0],
			"to": [13, -0.99, 10],
			"rotation": {"angle": 0, "axis": "y", "origin": [3, 0, 0]},
			"faces": {
				"north": {"uv": [11.33333, 0, 14.66666, 3.33334], "texture": "#0"},
				"east": {"uv": [11.33333, 0, 14.66666, 3.33334], "texture": "#0"},
				"south": {"uv": [11.33333, 0, 14.66666, 3.33334], "texture": "#0"},
				"west": {"uv": [11.33333, 0, 14.66666, 3.33334], "texture": "#0"},
				"up": {"uv": [11.33333, 0, 14.66666, 3.33334], "texture": "#0"},
				"down": {"uv": [11.33333, 0, 14.66666, 3.33334], "texture": "#0"}
			}
		},
		{
			"from": [4, 3, 1],
			"to": [12, 3, 9],
			"rotation": {"angle": 0, "axis": "y", "origin": [3, 3, 0]},
			"faces": {
				"north": {"uv": [11.66666, 0.33333, 14.33333, 0.33333], "texture": "#0"},
				"east": {"uv": [11.66666, 0.33333, 14.33333, 0.33333], "texture": "#0"},
				"south": {"uv": [11.66666, 0.33333, 14.33333, 0.33333], "texture": "#0"},
				"west": {"uv": [11.66666, 0.33333, 14.33333, 0.33333], "texture": "#0"},
				"up": {"uv": [11.66666, 0.33333, 14.33333, 3], "texture": "#0"},
				"down": {"uv": [11.66666, 0.33333, 14.33333, 3], "texture": "#0"}
			}
		},
		{
			"from": [5, -1, 2],
			"to": [11, 3, 8],
			"rotation": {"angle": 0, "axis": "y", "origin": [5, 0, 2]},
			"faces": {
				"north": {"uv": [12, 1.66667, 14, 3], "texture": "#0"},
				"east": {"uv": [12, 1.66667, 14, 3], "texture": "#0"},
				"south": {"uv": [12, 1.66667, 14, 3], "texture": "#0"},
				"west": {"uv": [12, 1.66667, 14, 3], "texture": "#0"},
				"up": {"uv": [12, 0.66667, 14, 2.66667], "texture": "#0"},
				"down": {"uv": [12, 0.66667, 14, 2.66667], "texture": "#0"}
			}
		}
	],
	"groups": [
		{
			"name": "head",
			"origin": [0, 0, 0],
			"color": 0,
			"nbt": "{}",
			"armAnimationEnabled": false,
			"children": [0, 1, 2, 3, 4, 5, 6, 7, 8, 9, 10, 11, 12, 13]
		},
		{
			"name": "arm_1",
			"origin": [0, 0, 0],
			"color": 0,
			"nbt": "{}",
			"armAnimationEnabled": false,
			"children": [14, 15, 16]
		},
		{
			"name": "arm_2",
			"origin": [8, 3, 13.5],
			"color": 0,
			"nbt": "{}",
			"armAnimationEnabled": false,
			"children": [17, 18, 19, 20, 21, 22, 23]
		},
		{
			"name": "base",
			"origin": [8, 8, 8],
			"color": 0,
			"nbt": "{}",
			"armAnimationEnabled": false,
			"children": [24, 25, 26]
		}
	]
}