{
	"credit": "Made with Blockbench",
	"texture_size": [48, 48],
	"textures": {
		"0": "RELOADED:blocks/acivation/pedestal_button",
		"particle": "RELOADED:blocks/acivation/pedestal_button"
	},
	"elements": [
		{
			"from": [6.5, 2, 11.5],
			"to": [9.5, 4, 15.5],
			"rotation": {"angle": 22.5, "axis": "x", "origin": [8, 8, 8]},
			"faces": {
				"north": {"uv": [0, 7, 1, 7.33333], "texture": "#0"},
				"east": {"uv": [0, 7.33333, 1, 8], "texture": "#0"},
				"south": {"uv": [0, 7.33333, 1, 8], "texture": "#0"},
				"west": {"uv": [0, 7.33333, 1, 8], "texture": "#0"},
				"up": {"uv": [0, 7, 1, 8], "texture": "#0"},
				"down": {"uv": [2.66667, 4, 3.66667, 5.33333], "texture": "#0"}
			}
		},
		{
			"from": [6.5, 0, 11.5],
			"to": [9.5, 1, 14.5],
			"faces": {
				"north": {"uv": [0, 7, 1, 7.33333], "texture": "#0"},
				"east": {"uv": [0, 7.33333, 1, 8], "texture": "#0"},
				"south": {"uv": [0, 7.33333, 1, 8], "texture": "#0"},
				"west": {"uv": [0, 7.33333, 1, 8], "texture": "#0"},
				"up": {"uv": [0, 7, 1, 8], "texture": "#0"},
				"down": {"uv": [2.66667, 4, 3.66667, 5], "texture": "#0"}
			}
		},
		{
			"from": [0.5, 2, 6.5],
			"to": [4.5, 4, 9.5],
			"rotation": {"angle": 22.5, "axis": "z", "origin": [8, 8, 8]},
			"faces": {
				"north": {"uv": [0, 7.33333, 1, 8], "texture": "#0"},
				"east": {"uv": [0, 7, 1, 7.33333], "texture": "#0"},
				"south": {"uv": [0, 7.33333, 1, 8], "texture": "#0"},
				"west": {"uv": [0, 7.33333, 1, 8], "texture": "#0"},
				"up": {"uv": [0, 7, 1, 8], "rotation": 90, "texture": "#0"},
				"down": {"uv": [2.66667, 4, 3.66667, 5.33333], "rotation": 270, "texture": "#0"}
			}
		},
		{
			"from": [1.5, 0, 6.5],
			"to": [4.5, 1, 9.5],
			"rotation": {"angle": 0, "axis": "y", "origin": [8, 8, 8]},
			"faces": {
				"north": {"uv": [0, 7.33333, 1, 8], "texture": "#0"},
				"east": {"uv": [0, 7, 1, 7.33333], "texture": "#0"},
				"south": {"uv": [0, 7.33333, 1, 8], "texture": "#0"},
				"west": {"uv": [0, 7.33333, 1, 8], "texture": "#0"},
				"up": {"uv": [0, 7, 1, 8], "rotation": 90, "texture": "#0"},
				"down": {"uv": [2.66667, 4, 3.66667, 5], "rotation": 270, "texture": "#0"}
			}
		},
		{
			"from": [11.5, 2, 6.5],
			"to": [15.5, 4, 9.5],
			"rotation": {"angle": -22.5, "axis": "z", "origin": [8, 8, 8]},
			"faces": {
				"north": {"uv": [0, 7.33333, 1, 8], "texture": "#0"},
				"east": {"uv": [0, 7.33333, 1, 8], "texture": "#0"},
				"south": {"uv": [0, 7.33333, 1, 8], "texture": "#0"},
				"west": {"uv": [0, 7, 1, 7.33333], "texture": "#0"},
				"up": {"uv": [0, 7, 1, 8], "rotation": 270, "texture": "#0"},
				"down": {"uv": [2.66667, 4, 3.66667, 5.33333], "rotation": 90, "texture": "#0"}
			}
		},
		{
			"from": [11.5, 0, 6.5],
			"to": [14.5, 1, 9.5],
			"rotation": {"angle": 0, "axis": "y", "origin": [8, 8, 8]},
			"faces": {
				"north": {"uv": [0, 7.33333, 1, 8], "texture": "#0"},
				"east": {"uv": [0, 7.33333, 1, 8], "texture": "#0"},
				"south": {"uv": [0, 7.33333, 1, 8], "texture": "#0"},
				"west": {"uv": [0, 7, 1, 7.33333], "texture": "#0"},
				"up": {"uv": [0, 7, 1, 8], "rotation": 270, "texture": "#0"},
				"down": {"uv": [2.66667, 4, 3.66667, 5], "rotation": 90, "texture": "#0"}
			}
		},
		{
			"from": [6.5, 2, 0.5],
			"to": [9.5, 4, 4.5],
			"rotation": {"angle": -22.5, "axis": "x", "origin": [8, 8, 8]},
			"faces": {
				"north": {"uv": [0, 7.33333, 1, 8], "texture": "#0"},
				"east": {"uv": [0, 7.33333, 1, 8], "texture": "#0"},
				"south": {"uv": [0, 7, 1, 7.33333], "texture": "#0"},
				"west": {"uv": [0, 7.33333, 1, 8], "texture": "#0"},
				"up": {"uv": [0, 7, 1, 8], "rotation": 180, "texture": "#0"},
				"down": {"uv": [2.66667, 4, 3.66667, 5.33333], "rotation": 180, "texture": "#0"}
			}
		},
		{
			"from": [6.5, 0, 1.5],
			"to": [9.5, 1, 4.5],
			"rotation": {"angle": 0, "axis": "y", "origin": [8, 8, 8]},
			"faces": {
				"north": {"uv": [0, 7.33333, 1, 8], "texture": "#0"},
				"east": {"uv": [0, 7.33333, 1, 8], "texture": "#0"},
				"south": {"uv": [0, 7, 1, 7.33333], "texture": "#0"},
				"west": {"uv": [0, 7.33333, 1, 8], "texture": "#0"},
				"up": {"uv": [0, 7, 1, 8], "rotation": 180, "texture": "#0"},
				"down": {"uv": [2.66667, 4, 3.66667, 5], "rotation": 180, "texture": "#0"}
			}
		},
		{
			"from": [6, 17, 6],
			"to": [10, 17, 10],
			"rotation": {"angle": -45, "axis": "y", "origin": [8, 16, 8]},
			"faces": {
				"north": {"uv": [2.66667, 4, 4, 5.33333], "texture": "#0"},
				"east": {"uv": [2.66667, 4, 4, 5.33333], "texture": "#0"},
				"south": {"uv": [2.66667, 4, 4, 5.33333], "texture": "#0"},
				"west": {"uv": [2.66667, 4, 4, 5.33333], "texture": "#0"},
				"up": {"uv": [2.66667, 4, 4, 5.33333], "texture": "#0"},
				"down": {"uv": [2.66667, 4, 4, 5.33333], "texture": "#0"}
			}
		},
		{
			"from": [6, 2, 6],
			"to": [10, 17, 10],
			"rotation": {"angle": -45, "axis": "y", "origin": [8, 10, 8]},
			"faces": {
				"north": {"uv": [1.33333, 1.33333, 0, 6.33333], "texture": "#0"},
				"east": {"uv": [2.66666, 1.33333, 1.33333, 6.33333], "texture": "#0"},
				"south": {"uv": [1.33333, 1.33333, 2.66666, 6.33333], "texture": "#0"},
				"west": {"uv": [0, 1.33333, 1.33333, 6.33333], "texture": "#0"},
				"down": {"uv": [2.66667, 4, 4, 5.33333], "texture": "#0"}
			}
		},
		{
			"from": [10, 17, 6],
			"to": [10, 20, 10],
			"rotation": {"angle": -45, "axis": "y", "origin": [8, 10, 8]},
			"faces": {
				"north": {"uv": [1.33333, 0.33333, 1.33333, 1.33333], "texture": "#0"},
				"east": {"uv": [2.66666, 0.33333, 1.33333, 1.33333], "texture": "#0"},
				"south": {"uv": [1.33333, 0.33333, 1.33333, 1.33333], "texture": "#0"},
				"west": {"uv": [1.33333, 0.33333, 2.66666, 1.33333], "texture": "#0"},
				"up": {"uv": [1.33333, 0.33333, 1.33333, 1.66667], "texture": "#0"},
				"down": {"uv": [1.33333, 0.33333, 1.33333, 1.66667], "texture": "#0"}
			}
		},
		{
			"from": [6, 17, 10],
			"to": [10, 20, 10],
			"rotation": {"angle": -45, "axis": "y", "origin": [8, 10, 8]},
			"faces": {
				"north": {"uv": [2.66666, 0.33333, 1.33333, 1.33333], "texture": "#0"},
				"east": {"uv": [1.33333, 0.33333, 1.33333, 1.33333], "texture": "#0"},
				"south": {"uv": [1.33333, 0.33333, 2.66666, 1.33333], "texture": "#0"},
				"west": {"uv": [1.33333, 0.33333, 1.33333, 1.33333], "texture": "#0"},
				"up": {"uv": [1.33333, 0.33333, 2.66666, 0.33333], "texture": "#0"},
				"down": {"uv": [1.33333, 0.33333, 2.66666, 0.33333], "texture": "#0"}
			}
		},
		{
			"from": [6, 20, 10],
			"to": [10, 21, 10],
			"rotation": {"angle": -45, "axis": "y", "origin": [8, 10, 8]},
			"faces": {
				"north": {"uv": [2.66666, 0, 1.33333, 0.33333], "texture": "#0"},
				"east": {"uv": [1.33333, 0, 1.33333, 0.33333], "texture": "#0"},
				"south": {"uv": [1.33333, 0, 2.66666, 0.33333], "texture": "#0"},
				"west": {"uv": [1.33333, 0, 1.33333, 0.33333], "texture": "#0"},
				"up": {"uv": [1.33333, 0, 2.66666, 0], "texture": "#0"},
				"down": {"uv": [1.33333, 0, 2.66666, 0], "texture": "#0"}
			}
		},
		{
			"from": [10, 20, 6],
			"to": [10, 21, 10],
			"rotation": {"angle": -45, "axis": "y", "origin": [8, 10, 8]},
			"faces": {
				"north": {"uv": [1.33333, 0, 1.33333, 0.33333], "texture": "#0"},
				"east": {"uv": [2.66666, 0, 1.33333, 0.33333], "texture": "#0"},
				"south": {"uv": [1.33333, 0, 1.33333, 0.33333], "texture": "#0"},
				"west": {"uv": [1.33333, 0, 2.66666, 0.33333], "texture": "#0"},
				"up": {"uv": [1.33333, 0, 1.33333, 1.33333], "texture": "#0"},
				"down": {"uv": [1.33333, 0, 1.33333, 1.33333], "texture": "#0"}
			}
		},
		{
			"from": [8, 17, 6],
			"to": [10, 18, 6],
			"rotation": {"angle": -45, "axis": "y", "origin": [8, 10, 8]},
			"faces": {
				"north": {"uv": [1.33333, 1, 0.66667, 1.33333], "texture": "#0"},
				"east": {"uv": [0.66667, 1, 0.66667, 1.33333], "texture": "#0"},
				"south": {"uv": [0.66667, 1, 1.33333, 1.33333], "texture": "#0"},
				"west": {"uv": [0.66667, 1, 0.66667, 1.33333], "texture": "#0"},
				"up": {"uv": [0.66667, 1, 1.33333, 1], "texture": "#0"},
				"down": {"uv": [0.66667, 1, 1.33333, 1], "texture": "#0"}
			}
		},
		{
			"from": [9, 18, 6],
			"to": [10, 19, 6],
			"rotation": {"angle": -45, "axis": "y", "origin": [8, 10, 8]},
			"faces": {
				"north": {"uv": [1.33333, 0.66667, 1, 1], "texture": "#0"},
				"east": {"uv": [1, 0.66667, 1, 1], "texture": "#0"},
				"south": {"uv": [1, 0.66667, 1.33333, 1], "texture": "#0"},
				"west": {"uv": [1, 0.66667, 1, 1], "texture": "#0"},
				"up": {"uv": [1, 0.66667, 1.33333, 0.66667], "texture": "#0"},
				"down": {"uv": [1, 0.66667, 1.33333, 0.66667], "texture": "#0"}
			}
		},
		{
			"from": [7.94454, 17, 7.19454],
			"to": [7.94454, 18, 9.19454],
			"rotation": {"angle": -45, "axis": "y", "origin": [8, 17, 5.25]},
			"faces": {
				"north": {"uv": [0.66667, 1, 1.33333, 1.33333], "texture": "#0"},
				"east": {"uv": [0.66667, 1, 1.33333, 1.33333], "texture": "#0"},
				"south": {"uv": [0.66667, 1, 1.33333, 1.33333], "texture": "#0"},
				"west": {"uv": [0.66667, 1, 1.33333, 1.33333], "texture": "#0"},
				"up": {"uv": [0.66667, 1, 1.33333, 1.33333], "texture": "#0"},
				"down": {"uv": [0.66667, 1, 1.33333, 1.33333], "texture": "#0"}
			}
		},
		{
			"from": [7.94454, 18, 8.19454],
			"to": [7.94454, 19, 9.19454],
			"rotation": {"angle": -45, "axis": "y", "origin": [8, 17, 5.25]},
			"faces": {
				"north": {"uv": [1, 0.66667, 1, 1], "texture": "#0"},
				"east": {"uv": [1, 0.66667, 1.33333, 1], "texture": "#0"},
				"south": {"uv": [1, 0.66667, 1, 1], "texture": "#0"},
				"west": {"uv": [1, 0.66667, 1.33333, 1], "texture": "#0"},
				"up": {"uv": [1, 0.66667, 1, 1], "texture": "#0"},
				"down": {"uv": [1, 0.66667, 1, 1], "texture": "#0"}
			}
		},
		{
			"from": [4.5, 0, 4.5],
			"to": [11.5, 2, 11.5],
			"faces": {
				"north": {"uv": [0, 6.33333, 2.33333, 7], "texture": "#0"},
				"east": {"uv": [0, 6.33333, 2.33333, 7], "texture": "#0"},
				"south": {"uv": [0, 6.33333, 2.33333, 7], "texture": "#0"},
				"west": {"uv": [0, 6.33333, 2.33333, 7], "texture": "#0"},
				"up": {"uv": [0, 8, 2.33333, 10.33333], "texture": "#0"},
				"down": {"uv": [2.66667, 4, 4, 5.33333], "texture": "#0"}
			}
		},
		{
			"from": [6.5, 18.25, 6],
			"to": [9.5, 19.25, 9],
			"rotation": {"angle": -45, "axis": "x", "origin": [8, 19, 8]},
			"faces": {
				"north": {"uv": [2.66667, 4, 3.66667, 5], "rotation": 180, "texture": "#0"},
				"east": {"uv": [2.66667, 4, 3.66667, 5], "rotation": 180, "texture": "#0"},
				"south": {"uv": [2.66667, 4, 3.66667, 5], "rotation": 180, "texture": "#0"},
				"west": {"uv": [2.66667, 4, 3.66667, 5], "rotation": 180, "texture": "#0"},
				"up": {"uv": [2.66667, 4, 3.66667, 5], "rotation": 180, "texture": "#0"},
				"down": {"uv": [2.66667, 4, 3.66667, 5], "rotation": 180, "texture": "#0"}
			}
		},
		{
			"from": [6, 19.25, 5.5],
			"to": [10, 20.25, 9.5],
			"rotation": {"angle": -45, "axis": "x", "origin": [8, 19, 8]},
			"faces": {
				"north": {"uv": [2.66667, 2.33333, 4, 2.66667], "texture": "#0"},
				"east": {"uv": [2.66667, 2.33333, 4, 2.66667], "texture": "#0"},
				"south": {"uv": [2.66667, 2.33333, 4, 2.66667], "texture": "#0"},
				"west": {"uv": [2.66667, 2.33333, 4, 2.66667], "texture": "#0"},
				"up": {"uv": [2.66667, 1, 4, 2.33333], "rotation": 180, "texture": "#0"},
				"down": {"uv": [2.66667, 1, 4, 2.33333], "rotation": 180, "texture": "#0"}
			}
		}
	],
	"display": {
		"thirdperson_righthand": {
			"scale": [0.3, 0.3, 0.3]
		},
		"thirdperson_lefthand": {
			"scale": [0.3, 0.3, 0.3]
		},
		"firstperson_righthand": {
			"scale": [0.3, 0.3, 0.3]
		},
		"firstperson_lefthand": {
			"scale": [0.3, 0.3, 0.3]
		},
		"ground": {
			"scale": [0.3, 0.3, 0.3]
		},
		"gui": {
			"rotation": [22.5, 137, 0],
			"scale": [0.6, 0.6, 0.6]
		},
		"head": {
			"translation": [0, 14.5, 0]
		},
		"fixed": {
			"scale": [0.7, 0.7, 0.7]
		}
	},
	"groups": [
		{
			"name": "group",
			"origin": [8, 8, 8],
			"color": 0,
			"nbt": "{}",
			"armAnimationEnabled": false,
			"children": [
				{
					"name": "group",
					"origin": [0, 0, 0],
					"color": 0,
					"nbt": "{}",
					"armAnimationEnabled": false,
					"children": [0, 1]
				},
				{
					"name": "group",
					"origin": [0, 0, 0],
					"color": 0,
					"nbt": "{}",
					"armAnimationEnabled": false,
					"children": [2, 3]
				},
				{
					"name": "group",
					"origin": [0, 0, 0],
					"color": 0,
					"nbt": "{}",
					"armAnimationEnabled": false,
					"children": [4, 5]
				},
				{
					"name": "group",
					"origin": [0, 0, 0],
					"color": 0,
					"nbt": "{}",
					"armAnimationEnabled": false,
					"children": [6, 7]
				},
				{
					"name": "group",
					"origin": [8, 10, 8],
					"color": 0,
					"nbt": "{}",
					"armAnimationEnabled": false,
					"children": [8, 9, 10, 11, 12, 13, 14, 15, 16, 17]
				},
				18,
				19,
				20
			]
		}
	]
}