{
	"credit": "Made with Blockbench",
	"ambientocclusion": false,
	"texture_size": [48, 48],
	"textures": {
		"0": "RELOADED:blocks/gels/repulsion_gel_splat",
		"particle": "RELOADED:blocks/gels/repulsion_gel_splat"
	},
	"elements": [
		{
			"from": [0, 0.5, 0],
			"to": [16, 0.5, 16],
			"rotation": {"angle": 0, "axis": "y", "origin": [8, 0, 8]},
			"faces": {
				"up": {"uv": [5.33333, 5.33333, 10.66667, 10.66667], "texture": "#0"}
			}
		},
		{
			"from": [16, 0.48, 0],
			"to": [32, 0.48, 16],
			"rotation": {"angle": 0, "axis": "y", "origin": [8, 0, 8]},
			"faces": {
				"up": {"uv": [10.66667, 5.33333, 16, 10.66667], "texture": "#0"}
			}
		},
		{
			"from": [-16, 0.44, 0],
			"to": [0, 0.44, 16],
			"rotation": {"angle": 0, "axis": "y", "origin": [8, 0, 8]},
			"faces": {
				"up": {"uv": [0, 5.33333, 5.33333, 10.66667], "texture": "#0"}
			}
		},
		{
			"from": [0, 0.42, 16],
			"to": [16, 0.42, 32],
			"rotation": {"angle": 0, "axis": "y", "origin": [8, 0, 8]},
			"faces": {
				"up": {"uv": [5.33333, 10.66667, 10.66667, 16], "texture": "#0"}
			}
		},
		{
			"from": [0, 0.46, -16],
			"to": [16, 0.46, 0],
			"rotation": {"angle": 0, "axis": "y", "origin": [8, 0, 8]},
			"faces": {
				"up": {"uv": [5.33333, 0, 10.66667, 5.33333], "texture": "#0"}
			}
		},
		{
			"from": [16, 0.47, -16],
			"to": [32, 0.47, 0],
			"rotation": {"angle": 0, "axis": "y", "origin": [8, 0, 8]},
			"faces": {
				"up": {"uv": [10.66667, 0, 16, 5.33333], "texture": "#0"}
			}
		},
		{
			"from": [16, 0.49, 16],
			"to": [32, 0.49, 32],
			"rotation": {"angle": 0, "axis": "y", "origin": [8, 0, 8]},
			"faces": {
				"up": {"uv": [10.66667, 10.66667, 16, 16], "texture": "#0"}
			}
		},
		{
			"from": [-16, 0.43, 16],
			"to": [0, 0.43, 32],
			"rotation": {"angle": 0, "axis": "y", "origin": [8, 0, 8]},
			"faces": {
				"up": {"uv": [0, 10.66667, 5.33333, 16], "texture": "#0"}
			}
		},
		{
			"from": [-16, 0.45, -16],
			"to": [0, 0.45, 0],
			"rotation": {"angle": 0, "axis": "y", "origin": [8, 0, 8]},
			"faces": {
				"up": {"uv": [0, 0, 5.33333, 5.33333], "texture": "#0"}
			}
		}
	],
	"display": {
		"thirdperson_righthand": {
			"rotation": [75, 45, 0],
			"translation": [0, 2.5, 0],
			"scale": [0.375, 0.375, 0.375]
		},
		"thirdperson_lefthand": {
			"rotation": [75, 45, 0],
			"translation": [0, 2.5, 0],
			"scale": [0.375, 0.375, 0.375]
		},
		"firstperson_righthand": {
			"rotation": [0, 45, 0],
			"scale": [0.4, 0.4, 0.4]
		},
		"firstperson_lefthand": {
			"rotation": [0, 225, 0],
			"scale": [0.4, 0.4, 0.4]
		},
		"ground": {
			"translation": [0, 3, 0],
			"scale": [0.25, 0.25, 0.25]
		},
		"gui": {
			"rotation": [30, 225, 0],
			"scale": [0.625, 0.625, 0.625]
		},
		"fixed": {
			"scale": [0.5, 0.5, 0.5]
		}
	},
	"groups": [
		{
			"name": "group",
			"origin": [8, 0, 8],
			"color": 0,
			"nbt": "{}",
			"armAnimationEnabled": false,
			"children": [0, 1, 2, 3, 4, 5, 6, 7, 8]
		}
	]
}