{
	"credit": "Made with Blockbench",
	"ambientocclusion": false,
	"textures": {
		"0": "RELOADED:blocks/cable",
		"particle": "RELOADED:blocks/cable"
	},
	"elements": [
		{
			"from": [7, -7, 15],
			"to": [9, 0, 15],
			"rotation": {"angle": -45, "axis": "y", "origin": [8, -3.5, 15]},
			"faces": {
				"north": {"uv": [2, 7, 4, 14], "texture": "#0"},
				"east": {"uv": [2, 2, 2, 7], "texture": "#0"},
				"south": {"uv": [4, 7, 2, 14], "texture": "#0"},
				"west": {"uv": [2, 2, 2, 7], "texture": "#0"},
				"up": {"uv": [0, 0, 2, 0], "texture": "#0"},
				"down": {"uv": [0, 0, 2, 0], "texture": "#0"}
			}
		},
		{
			"from": [7, 0, 14],
			"to": [9, 16, 16],
			"rotation": {"angle": 0, "axis": "y", "origin": [0, 0, 7]},
			"faces": {
				"north": {"uv": [0, 0, 2, 16], "texture": "#0"},
				"east": {"uv": [0, 0, 2, 16], "texture": "#0"},
				"south": {"uv": [0, 0, 2, 16], "texture": "#0"},
				"west": {"uv": [0, 0, 2, 16], "texture": "#0"},
				"up": {"uv": [2, 0, 4, 2], "texture": "#0"},
				"down": {"uv": [2, 0, 4, 2], "texture": "#0"}
			}
		},
		{
			"from": [7, -5, 15],
			"to": [9, 0, 15],
			"rotation": {"angle": 45, "axis": "y", "origin": [8, -2.5, 15]},
			"faces": {
				"north": {"uv": [2, 2, 4, 7], "texture": "#0"},
				"east": {"uv": [2, 2, 2, 7], "texture": "#0"},
				"south": {"uv": [4, 2, 2, 7], "texture": "#0"},
				"west": {"uv": [2, 2, 2, 7], "texture": "#0"},
				"up": {"uv": [0, 0, 2, 0], "texture": "#0"},
				"down": {"uv": [0, 0, 2, 0], "texture": "#0"}
			}
		}
	],
	"display": {},
	"groups": [
		{
			"name": "group",
			"origin": [8, -2.5, 8],
			"color": 0,
			"nbt": "{}",
			"armAnimationEnabled": false,
			"children": [0, 1, 2]
		}
	]
}