{
	"credit": "Made with Blockbench",
	"ambientocclusion": false,
	"texture_size": [32, 32],
	"textures": {
		"0": "RELOADED:blocks/support_block",
		"particle": "RELOADED:blocks/support_block"
	},
	"elements": [
		{
			"from": [1, 0, 1],
			"to": [15, 16, 15],
			"faces": {
				"north": {"uv": [8.5, 0, 15.5, 8], "texture": "#0"},
				"east": {"uv": [8.5, 0, 15.5, 8], "texture": "#0"},
				"south": {"uv": [8.5, 0, 15.5, 8], "texture": "#0"},
				"west": {"uv": [8.5, 0, 15.5, 8], "texture": "#0"},
				"up": {"uv": [0.5, 8.5, 7.5, 15.5], "texture": "#0"},
				"down": {"uv": [0.5, 8.5, 7.5, 15.5], "texture": "#0"}
			}
		},
		{
			"from": [-0.01, -0.01, -0.01],
			"to": [4.01, 16.01, 4.01],
			"faces": {
				"north": {"uv": [14, 0, 16, 8], "texture": "#0"},
				"east": {"uv": [14, 0, 16, 8], "texture": "#0"},
				"south": {"uv": [8, 0, 10, 8], "texture": "#0"},
				"west": {"uv": [8, 0, 10, 8], "texture": "#0"},
				"up": {"uv": [0, 8, 2, 10], "texture": "#0"},
				"down": {"uv": [0, 14, 2, 16], "texture": "#0"}
			}
		},
		{
			"from": [11.99, -0.01, -0.01],
			"to": [16.01, 16.01, 4.01],
			"faces": {
				"north": {"uv": [8, 0, 10, 8], "texture": "#0"},
				"east": {"uv": [14, 0, 16, 8], "texture": "#0"},
				"south": {"uv": [14, 0, 16, 8], "texture": "#0"},
				"west": {"uv": [8, 0, 10, 8], "texture": "#0"},
				"up": {"uv": [6, 8, 8, 10], "texture": "#0"},
				"down": {"uv": [6, 14, 8, 16], "texture": "#0"}
			}
		},
		{
			"from": [11.99, -0.01, 11.99],
			"to": [16.01, 16.01, 16.01],
			"faces": {
				"north": {"uv": [8, 0, 10, 8], "texture": "#0"},
				"east": {"uv": [8, 0, 10, 8], "texture": "#0"},
				"south": {"uv": [14, 0, 16, 8], "texture": "#0"},
				"west": {"uv": [8, 0, 10, 8], "texture": "#0"},
				"up": {"uv": [6, 14, 8, 16], "texture": "#0"},
				"down": {"uv": [6, 8, 8, 10], "texture": "#0"}
			}
		},
		{
			"from": [-0.01, -0.01, 11.99],
			"to": [4.01, 16.01, 16.01],
			"faces": {
				"north": {"uv": [8, 0, 10, 8], "texture": "#0"},
				"east": {"uv": [8, 0, 10, 8], "texture": "#0"},
				"south": {"uv": [8, 0, 10, 8], "texture": "#0"},
				"west": {"uv": [14, 0, 16, 8], "texture": "#0"},
				"up": {"uv": [0, 14, 2, 16], "texture": "#0"},
				"down": {"uv": [0, 8, 2, 10], "texture": "#0"}
			}
		}
	],
	"display": {
		"thirdperson_righthand": {
			"rotation": [75, 45, 0],
			"translation": [0, 2.5, 0],
			"scale": [0.375, 0.375, 0.375]
		},
		"thirdperson_lefthand": {
			"rotation": [75, 45, 0],
			"translation": [0, 2.5, 0],
			"scale": [0.375, 0.375, 0.375]
		},
		"firstperson_righthand": {
			"rotation": [0, 45, 0],
			"scale": [0.4, 0.4, 0.4]
		},
		"firstperson_lefthand": {
			"rotation": [0, 225, 0],
			"scale": [0.4, 0.4, 0.4]
		},
		"ground": {
			"translation": [0, 3, 0],
			"scale": [0.25, 0.25, 0.25]
		},
		"gui": {
			"rotation": [30, 225, 0],
			"scale": [0.625, 0.625, 0.625]
		},
		"fixed": {
			"scale": [0.5, 0.5, 0.5]
		}
	}
}