{
  "_fv": 34,
  "_type": "gui",
  "definition": {
    "type": 1,
    "width": 176,
    "height": 175,
    "inventoryOffsetX": 0,
    "inventoryOffsetY": 5,
    "renderBgLayer": false,
    "doesPauseGame": false,
    "components": [
      {
        "type": "outputslot",
        "data": {
          "id": 0,
          "disableStackInteraction": false,
          "dropItemsWhenNotBound": true,
          "onTakenFromSlot": {
            "name": "Slot0Taken"
          },
          "name": "Slot #0",
          "x": 204,
          "y": 89
        }
      },
      {
        "type": "inputslot",
        "data": {
          "inputLimit": {
            "value": "Items.BLAZE_POWDER"
          },
          "id": 1,
          "disableStackInteraction": false,
          "dropItemsWhenNotBound": true,
          "name": "Slot #1",
          "x": 150,
          "y": 71
        }
      },
      {
        "type": "inputslot",
        "data": {
          "inputLimit": {
            "value": ""
          },
          "id": 2,
          "disableStackInteraction": false,
          "dropItemsWhenNotBound": true,
          "name": "Slot #2",
          "x": 186,
          "y": 53
        }
      },
      {
        "type": "inputslot",
        "data": {
          "inputLimit": {
            "value": "Items.GUNPOWDER"
          },
          "id": 3,
          "disableStackInteraction": false,
          "dropItemsWhenNotBound": true,
          "name": "Slot #3",
          "x": 222,
          "y": 53
        }
      },
      {
        "type": "image",
        "data": {
          "image": "energy_press_gui.png",
          "use1Xscale": false,
          "name": "energy_press_gui.png",
          "x": 125,
          "y": 33
        }
      },
      {
        "type": "image",
        "data": {
          "image": "energy_press_gui_power_bar_full.png",
          "use1Xscale": false,
          "displayCondition": {
            "name": "PowerBarShow"
          },
          "name": "energy_press_gui_power_bar_full.png",
          "x": 180,
          "y": 79
        }
      },
      {
        "type": "image",
        "data": {
          "image": "energy_press_gui_power_bar_empty.png",
          "use1Xscale": false,
          "displayCondition": {
            "name": "PowerBarHide"
          },
          "name": "energy_press_gui_power_bar_empty.png",
          "x": 180,
          "y": 79
        }
      }
    ],
    "onTick": {
      "name": "EnergyPressGUIWhileThisGUIIsOpenTick"
    },
    "gridSettings": {
      "sx": 18,
      "sy": 18,
      "ox": 11,
      "oy": 15,
      "snapOnGrid": false
    }
  }
}