{
	"credit": "Made with Blockbench",
	"ambientocclusion": false,
	"texture_size": [256, 256],
	"textures": {
		"0": "RELOADED:elevator/evevator_shaft"
	},
	"elements": [
		{
			"from": [16, 0, 16],
			"to": [18, 16, 18],
			"rotation": {"angle": 0, "axis": "y", "origin": [8, 1, 8]},
			"faces": {
				"north": {"uv": [1.5625, 0, 2.5625, 0.125], "rotation": 90, "texture": "#0"},
				"east": {"uv": [1.5625, 0, 2.5625, 0.125], "rotation": 90, "texture": "#0"},
				"south": {"uv": [1.5625, 0, 2.5625, 0.125], "rotation": 270, "texture": "#0"},
				"west": {"uv": [1.5625, 0, 2.5625, 0.125], "rotation": 270, "texture": "#0"},
				"up": {"uv": [1.6875, 0, 1.5625, 0.125], "texture": "#0"},
				"down": {"uv": [1.5625, 0, 1.6875, 0.125], "rotation": 180, "texture": "#0"}
			}
		},
		{
			"from": [16, 0, -2],
			"to": [18, 16, 0],
			"rotation": {"angle": 0, "axis": "y", "origin": [17, -4, -1]},
			"faces": {
				"north": {"uv": [1.5625, 0, 2.5625, 0.125], "rotation": 90, "texture": "#0"},
				"east": {"uv": [1.5625, 0, 2.5625, 0.125], "rotation": 270, "texture": "#0"},
				"south": {"uv": [1.5625, 0, 2.5625, 0.125], "rotation": 270, "texture": "#0"},
				"west": {"uv": [1.5625, 0, 2.5625, 0.125], "rotation": 90, "texture": "#0"},
				"up": {"uv": [1.6875, 0, 1.5625, 0.125], "rotation": 270, "texture": "#0"},
				"down": {"uv": [1.5625, 0, 1.6875, 0.125], "rotation": 270, "texture": "#0"}
			}
		},
		{
			"from": [-2, 0, -2],
			"to": [0, 16, 0],
			"rotation": {"angle": 0, "axis": "y", "origin": [8, 1, 8]},
			"faces": {
				"north": {"uv": [1.5625, 0, 2.5625, 0.125], "rotation": 270, "texture": "#0"},
				"east": {"uv": [1.5625, 0, 2.5625, 0.125], "rotation": 270, "texture": "#0"},
				"south": {"uv": [1.5625, 0, 2.5625, 0.125], "rotation": 90, "texture": "#0"},
				"west": {"uv": [1.5625, 0, 2.5625, 0.125], "rotation": 90, "texture": "#0"},
				"up": {"uv": [1.6875, 0, 1.5625, 0.125], "rotation": 180, "texture": "#0"},
				"down": {"uv": [1.5625, 0, 1.6875, 0.125], "texture": "#0"}
			}
		},
		{
			"from": [-2, 0, 16],
			"to": [0, 16, 18],
			"rotation": {"angle": 0, "axis": "y", "origin": [8, -4, 8]},
			"faces": {
				"north": {"uv": [1.5625, 0, 2.5625, 0.125], "rotation": 270, "texture": "#0"},
				"east": {"uv": [1.5625, 0, 2.5625, 0.125], "rotation": 90, "texture": "#0"},
				"south": {"uv": [1.5625, 0, 2.5625, 0.125], "rotation": 90, "texture": "#0"},
				"west": {"uv": [1.5625, 0, 2.5625, 0.125], "rotation": 270, "texture": "#0"},
				"up": {"uv": [1.6875, 0, 1.5625, 0.125], "rotation": 90, "texture": "#0"},
				"down": {"uv": [1.5625, 0, 1.6875, 0.125], "rotation": 90, "texture": "#0"}
			}
		},
		{
			"from": [-2, 16, 16],
			"to": [0, 32, 18],
			"rotation": {"angle": 0, "axis": "y", "origin": [8, -4, 8]},
			"faces": {
				"north": {"uv": [1.5625, 0, 2.5625, 0.125], "rotation": 270, "texture": "#0"},
				"east": {"uv": [1.5625, 0, 2.5625, 0.125], "rotation": 90, "texture": "#0"},
				"south": {"uv": [1.5625, 0, 2.5625, 0.125], "rotation": 90, "texture": "#0"},
				"west": {"uv": [1.5625, 0, 2.5625, 0.125], "rotation": 270, "texture": "#0"},
				"up": {"uv": [1.6875, 0, 1.5625, 0.125], "rotation": 90, "texture": "#0"},
				"down": {"uv": [1.5625, 0, 1.6875, 0.125], "rotation": 90, "texture": "#0"}
			}
		},
		{
			"from": [-2, 16, -2],
			"to": [0, 32, 0],
			"rotation": {"angle": 0, "axis": "y", "origin": [8, 1, 8]},
			"faces": {
				"north": {"uv": [1.5625, 0, 2.5625, 0.125], "rotation": 270, "texture": "#0"},
				"east": {"uv": [1.5625, 0, 2.5625, 0.125], "rotation": 270, "texture": "#0"},
				"south": {"uv": [1.5625, 0, 2.5625, 0.125], "rotation": 90, "texture": "#0"},
				"west": {"uv": [1.5625, 0, 2.5625, 0.125], "rotation": 90, "texture": "#0"},
				"up": {"uv": [1.6875, 0, 1.5625, 0.125], "rotation": 180, "texture": "#0"},
				"down": {"uv": [1.5625, 0, 1.6875, 0.125], "texture": "#0"}
			}
		},
		{
			"from": [16, 16, -2],
			"to": [18, 32, 0],
			"rotation": {"angle": 0, "axis": "y", "origin": [17, -4, -1]},
			"faces": {
				"north": {"uv": [1.5625, 0, 2.5625, 0.125], "rotation": 90, "texture": "#0"},
				"east": {"uv": [1.5625, 0, 2.5625, 0.125], "rotation": 270, "texture": "#0"},
				"south": {"uv": [1.5625, 0, 2.5625, 0.125], "rotation": 270, "texture": "#0"},
				"west": {"uv": [1.5625, 0, 2.5625, 0.125], "rotation": 90, "texture": "#0"},
				"up": {"uv": [1.6875, 0, 1.5625, 0.125], "rotation": 270, "texture": "#0"},
				"down": {"uv": [1.5625, 0, 1.6875, 0.125], "rotation": 270, "texture": "#0"}
			}
		},
		{
			"from": [16, 16, 16],
			"to": [18, 32, 18],
			"rotation": {"angle": 0, "axis": "y", "origin": [8, 1, 8]},
			"faces": {
				"north": {"uv": [1.5625, 0, 2.5625, 0.125], "rotation": 90, "texture": "#0"},
				"east": {"uv": [1.5625, 0, 2.5625, 0.125], "rotation": 90, "texture": "#0"},
				"south": {"uv": [1.5625, 0, 2.5625, 0.125], "rotation": 270, "texture": "#0"},
				"west": {"uv": [1.5625, 0, 2.5625, 0.125], "rotation": 270, "texture": "#0"},
				"up": {"uv": [1.6875, 0, 1.5625, 0.125], "texture": "#0"},
				"down": {"uv": [1.5625, 0, 1.6875, 0.125], "rotation": 180, "texture": "#0"}
			}
		},
		{
			"from": [18, 0, -4],
			"to": [20, 2, 20],
			"rotation": {"angle": 0, "axis": "x", "origin": [17, 24, 17]},
			"faces": {
				"north": {"uv": [0.0625, 0, 0.1875, 0.125], "texture": "#0"},
				"east": {"uv": [0.0625, 0, 1.5625, 0.125], "texture": "#0"},
				"south": {"uv": [0.1875, 0, 0.0625, 0.125], "texture": "#0"},
				"west": {"uv": [0.0625, 0, 1.5625, 0.125], "texture": "#0"},
				"up": {"uv": [0.0625, 0, 1.5625, 0.125], "rotation": 270, "texture": "#0"},
				"down": {"uv": [0.0625, 0, 1.5625, 0.125], "rotation": 270, "texture": "#0"}
			}
		},
		{
			"from": [-4, 0, 18],
			"to": [20, 2, 20],
			"rotation": {"angle": 0, "axis": "y", "origin": [8, 24, 8]},
			"faces": {
				"north": {"uv": [0.0625, 0, 1.5625, 0.125], "texture": "#0"},
				"east": {"uv": [0.0625, 0, 0.1875, 0.125], "texture": "#0"},
				"south": {"uv": [0.0625, 0, 1.5625, 0.125], "texture": "#0"},
				"west": {"uv": [0.1875, 0, 0.0625, 0.125], "texture": "#0"},
				"up": {"uv": [0.0625, 0, 1.5625, 0.125], "texture": "#0"},
				"down": {"uv": [0.0625, 0, 1.5625, 0.125], "rotation": 180, "texture": "#0"}
			}
		},
		{
			"from": [-4, 0, -4],
			"to": [-2, 2, 20],
			"rotation": {"angle": 0, "axis": "y", "origin": [8, 25, 8]},
			"faces": {
				"north": {"uv": [0.1875, 0, 0.0625, 0.125], "texture": "#0"},
				"east": {"uv": [0.0625, 0, 1.5625, 0.125], "texture": "#0"},
				"south": {"uv": [0.0625, 0, 0.1875, 0.125], "texture": "#0"},
				"west": {"uv": [0.0625, 0, 1.5625, 0.125], "texture": "#0"},
				"up": {"uv": [0.0625, 0, 1.5625, 0.125], "rotation": 90, "texture": "#0"},
				"down": {"uv": [0.0625, 0, 1.5625, 0.125], "rotation": 90, "texture": "#0"}
			}
		},
		{
			"from": [-4, 0, -4],
			"to": [20, 2, -2],
			"rotation": {"angle": 0, "axis": "y", "origin": [8, 25, 8]},
			"faces": {
				"north": {"uv": [0.0625, 0, 1.5625, 0.125], "texture": "#0"},
				"east": {"uv": [0.1875, 0, 0.0625, 0.125], "texture": "#0"},
				"south": {"uv": [0.0625, 0, 1.5625, 0.125], "texture": "#0"},
				"west": {"uv": [0.0625, 0, 0.1875, 0.125], "texture": "#0"},
				"up": {"uv": [0.0625, 0, 1.5625, 0.125], "rotation": 180, "texture": "#0"},
				"down": {"uv": [0.0625, 0, 1.5625, 0.125], "texture": "#0"}
			}
		},
		{
			"from": [0, 0, 17],
			"to": [16, 32, 17],
			"faces": {
				"north": {"uv": [3, 1, 4, 3], "texture": "#0"},
				"east": {"uv": [3, 1, 3, 3], "texture": "#0"},
				"south": {"uv": [4, 1, 3, 3], "texture": "#0"},
				"west": {"uv": [3, 1, 3, 3], "texture": "#0"},
				"up": {"uv": [3, 1, 4, 1], "texture": "#0"},
				"down": {"uv": [3, 1, 4, 1], "texture": "#0"}
			}
		},
		{
			"from": [0, 0, -1],
			"to": [16, 32, -1],
			"faces": {
				"north": {"uv": [3, 1, 4, 3], "texture": "#0"},
				"east": {"uv": [3, 1, 3, 3], "texture": "#0"},
				"south": {"uv": [4, 1, 3, 3], "texture": "#0"},
				"west": {"uv": [3, 1, 3, 3], "texture": "#0"},
				"up": {"uv": [3, 1, 4, 1], "texture": "#0"},
				"down": {"uv": [3, 1, 4, 1], "texture": "#0"}
			}
		},
		{
			"from": [17, 0, 0],
			"to": [17, 32, 16],
			"rotation": {"angle": 0, "axis": "y", "origin": [8, 0, 8]},
			"faces": {
				"north": {"uv": [3, 1, 3, 3], "texture": "#0"},
				"east": {"uv": [4, 1, 3, 3], "texture": "#0"},
				"south": {"uv": [3, 1, 3, 3], "texture": "#0"},
				"west": {"uv": [3, 1, 4, 3], "texture": "#0"},
				"up": {"uv": [3, 1, 4, 1], "rotation": 270, "texture": "#0"},
				"down": {"uv": [3, 1, 4, 1], "rotation": 90, "texture": "#0"}
			}
		},
		{
			"from": [-1, 0, 0],
			"to": [-1, 32, 16],
			"rotation": {"angle": 0, "axis": "y", "origin": [8, 0, 8]},
			"faces": {
				"north": {"uv": [3, 1, 3, 3], "texture": "#0"},
				"east": {"uv": [3, 1, 4, 3], "texture": "#0"},
				"south": {"uv": [3, 1, 3, 3], "texture": "#0"},
				"west": {"uv": [4, 1, 3, 3], "texture": "#0"},
				"up": {"uv": [3, 1, 4, 1], "rotation": 90, "texture": "#0"},
				"down": {"uv": [3, 1, 4, 1], "rotation": 270, "texture": "#0"}
			}
		}
	],
	"display": {
		"thirdperson_righthand": {
			"rotation": [75, 45, 0],
			"translation": [0, 2.5, 0],
			"scale": [0.375, 0.375, 0.375]
		},
		"thirdperson_lefthand": {
			"rotation": [75, 45, 0],
			"translation": [0, 2.5, 0],
			"scale": [0.375, 0.375, 0.375]
		},
		"firstperson_righthand": {
			"rotation": [0, 45, 0],
			"scale": [0.4, 0.4, 0.4]
		},
		"firstperson_lefthand": {
			"rotation": [0, 225, 0],
			"scale": [0.4, 0.4, 0.4]
		},
		"ground": {
			"translation": [0, 3, 0],
			"scale": [0.25, 0.25, 0.25]
		},
		"gui": {
			"rotation": [30, 225, 0],
			"scale": [0.625, 0.625, 0.625]
		},
		"fixed": {
			"scale": [0.5, 0.5, 0.5]
		}
	},
	"groups": [
		{
			"name": "tube",
			"origin": [8, 8, 8],
			"color": 0,
			"nbt": "{}",
			"armAnimationEnabled": false,
			"children": [
				0,
				1,
				2,
				3,
				4,
				5,
				6,
				7,
				8,
				9,
				10,
				11,
				{
					"name": "glass",
					"origin": [8, 0, 8],
					"color": 0,
					"nbt": "{}",
					"armAnimationEnabled": false,
					"children": [12, 13, 14, 15]
				}
			]
		}
	]
}