{
	"credit": "Made with Blockbench",
	"ambientocclusion": false,
	"textures": {
		"4": "RELOADED:blocks/emancipation_grid/emancipation_grid_back",
		"particle": "RELOADED:blocks/emancipation_grid/emancipation_grid"
	},
	"elements": [
		{
			"from": [0.01, 0, 6],
			"to": [0.01, 16, 10],
			"rotation": {"angle": 0, "axis": "y", "origin": [8, 8, 8]},
			"faces": {
				"north": {"uv": [0, 0, 0, 16], "texture": "#4"},
				"east": {"uv": [0, 0, 4, 16], "texture": "#4"},
				"south": {"uv": [0, 0, 0, 16], "texture": "#4"},
				"west": {"uv": [0, 0, 4, 16], "texture": "#4"},
				"up": {"uv": [0, 0, 0, 4], "rotation": 180, "texture": "#4"},
				"down": {"uv": [0, 0, 0, 4], "rotation": 180, "texture": "#4"}
			}
		},
		{
			"from": [0.1, 0, 7.5],
			"to": [0.1, 16, 8.5],
			"rotation": {"angle": 0, "axis": "y", "origin": [8, 8, 8]},
			"faces": {
				"north": {"uv": [4, 0, 5, 16], "texture": "#4"},
				"east": {"uv": [4, 0, 5, 16], "texture": "#4"},
				"south": {"uv": [4, 0, 5, 16], "texture": "#4"},
				"west": {"uv": [4, 0, 5, 16], "texture": "#4"},
				"up": {"uv": [4, 0, 5, 16], "texture": "#4"},
				"down": {"uv": [4, 0, 5, 16], "texture": "#4"}
			}
		}
	],
	"display": {
		"thirdperson_righthand": {
			"rotation": [75, 45, 0],
			"translation": [0, 2.5, 0],
			"scale": [0.375, 0.375, 0.375]
		},
		"thirdperson_lefthand": {
			"rotation": [75, 45, 0],
			"translation": [0, 2.5, 0],
			"scale": [0.375, 0.375, 0.375]
		},
		"firstperson_righthand": {
			"rotation": [0, 45, 0],
			"scale": [0.4, 0.4, 0.4]
		},
		"firstperson_lefthand": {
			"rotation": [0, 225, 0],
			"scale": [0.4, 0.4, 0.4]
		},
		"ground": {
			"translation": [0, 3, 0],
			"scale": [0.25, 0.25, 0.25]
		},
		"gui": {
			"rotation": [30, 225, 0],
			"scale": [0.625, 0.625, 0.625]
		},
		"fixed": {
			"scale": [0.5, 0.5, 0.5]
		}
	},
	"groups": [
		{
			"name": "group",
			"origin": [0, 0, 0],
			"color": 0,
			"nbt": "{}",
			"armAnimationEnabled": false,
			"children": [0, 1]
		}
	]
}