{
	"credit": "Made with Blockbench",
	"ambientocclusion": false,
	"texture_size": [64, 64],
	"textures": {
		"0": "RELOADED:portal_gun/portal_gun",
		"particle": "RELOADED:portal_gun/portal_gun"
	},
	"elements": [
		{
			"from": [10.1, 5, 2],
			"to": [10.1, 8, 8],
			"faces": {
				"north": {"uv": [2, 0, 3, 0.75], "texture": "#0"},
				"east": {"uv": [1, 0.75, 2.5, 1.5], "texture": "#0"},
				"south": {"uv": [0, 0, 1, 0.75], "texture": "#0"},
				"west": {"uv": [2.5, 0.75, 1, 1.5], "texture": "#0"},
				"up": {"uv": [0, 0, 1, 1.5], "texture": "#0"}
			}
		},
		{
			"from": [5.9, 5, 2],
			"to": [5.9, 8, 8],
			"faces": {
				"north": {"uv": [2, 0, 3, 0.75], "texture": "#0"},
				"east": {"uv": [1, 0.75, 2.5, 1.5], "texture": "#0"},
				"south": {"uv": [0, 0, 1, 0.75], "texture": "#0"},
				"west": {"uv": [2.5, 0.75, 1, 1.5], "texture": "#0"},
				"up": {"uv": [0, 0, 1, 1.5], "texture": "#0"}
			}
		},
		{
			"from": [8.1, 8, 2],
			"to": [10.1, 8, 8],
			"faces": {
				"north": {"uv": [2, 0, 2.5, 0], "texture": "#0"},
				"east": {"uv": [2.5, 0.75, 1, 0.75], "texture": "#0"},
				"south": {"uv": [0, 0, 0.5, 0], "texture": "#0"},
				"west": {"uv": [1, 0.75, 2.5, 0.75], "texture": "#0"},
				"up": {"uv": [0.5, 0, 0, 1.5], "texture": "#0"},
				"down": {"uv": [0.5, 1.5, 0, 0], "texture": "#0"}
			}
		},
		{
			"from": [5.9, 5, 2],
			"to": [7.9, 8, 2],
			"faces": {
				"north": {"uv": [2.5, 0, 3, 0.75], "texture": "#0"},
				"east": {"uv": [1, 0.75, 1, 1.5], "texture": "#0"},
				"south": {"uv": [2.5, 0, 3, 0.75], "texture": "#0"},
				"west": {"uv": [1, 0.75, 1, 1.5], "texture": "#0"},
				"up": {"uv": [0.5, 0, 1, 0], "texture": "#0"}
			}
		},
		{
			"from": [5.9, 5, 8],
			"to": [7.9, 8, 8],
			"faces": {
				"north": {"uv": [2.5, 0, 3, 0.75], "texture": "#0"},
				"east": {"uv": [1, 0.75, 1, 1.5], "texture": "#0"},
				"south": {"uv": [2.5, 0, 3, 0.75], "texture": "#0"},
				"west": {"uv": [1, 0.75, 1, 1.5], "texture": "#0"},
				"up": {"uv": [0.5, 0, 1, 0], "texture": "#0"}
			}
		},
		{
			"from": [5.9, 8, 2],
			"to": [7.9, 8, 8],
			"faces": {
				"north": {"uv": [2.5, 0, 3, 0], "texture": "#0"},
				"east": {"uv": [2.5, 0.75, 1, 0.75], "texture": "#0"},
				"south": {"uv": [0.5, 0, 1, 0], "texture": "#0"},
				"west": {"uv": [1, 0.75, 2.5, 0.75], "texture": "#0"},
				"up": {"uv": [1, 0, 0.5, 1.5], "texture": "#0"},
				"down": {"uv": [1, 1.5, 0.5, 0], "texture": "#0"}
			}
		},
		{
			"from": [8.1, 5, 8],
			"to": [10.1, 8, 8],
			"faces": {
				"north": {"uv": [2, 0, 2.5, 0.75], "texture": "#0"},
				"east": {"uv": [1, 0.75, 1, 1.5], "texture": "#0"},
				"south": {"uv": [2, 0, 2.5, 0.75], "texture": "#0"},
				"west": {"uv": [1, 0.75, 1, 1.5], "texture": "#0"},
				"up": {"uv": [0, 0, 0.5, 0], "texture": "#0"}
			}
		},
		{
			"from": [8.1, 5, 2],
			"to": [10.1, 8, 2],
			"faces": {
				"north": {"uv": [2, 0, 2.5, 0.75], "texture": "#0"},
				"east": {"uv": [1, 0.75, 1, 1.5], "texture": "#0"},
				"south": {"uv": [2, 0, 2.5, 0.75], "texture": "#0"},
				"west": {"uv": [1, 0.75, 1, 1.5], "texture": "#0"},
				"up": {"uv": [0, 0, 0.5, 0], "texture": "#0"}
			}
		},
		{
			"from": [6.5, 5, 3],
			"to": [9.5, 7, 8],
			"faces": {
				"north": {"uv": [0, 1.5, 0.25, 2], "texture": "#0"},
				"east": {"uv": [1.25, 1.5, 0, 2], "texture": "#0"},
				"south": {"uv": [0, 2, 0.75, 2.5], "texture": "#0"},
				"west": {"uv": [0, 1.5, 1.25, 2], "texture": "#0"},
				"up": {"uv": [0.75, 2.5, 1.5, 3.75], "texture": "#0"},
				"down": {"uv": [0, 2.5, 0.75, 3.75], "texture": "#0"}
			}
		},
		{
			"from": [7, 5, 8],
			"to": [9, 7, 11],
			"faces": {
				"north": {"uv": [0, 8.25, 0.5, 7.5], "rotation": 90, "texture": "#0"},
				"east": {"uv": [0, 7.5, 0.5, 8.25], "rotation": 90, "texture": "#0"},
				"south": {"uv": [0, 8.25, 0.5, 7.5], "rotation": 90, "texture": "#0"},
				"west": {"uv": [0, 8.25, 0.5, 7.5], "rotation": 90, "texture": "#0"},
				"up": {"uv": [0, 8.25, 0.5, 7.5], "rotation": 90, "texture": "#0"},
				"down": {"uv": [0.5, 6.75, 0, 7.5], "texture": "#0"}
			}
		},
		{
			"from": [8, 4.5, 1.5],
			"to": [8, 7.5, 3.5],
			"rotation": {"angle": 0, "axis": "x", "origin": [8, 1, 2.5]},
			"faces": {
				"north": {"uv": [0.75, 2, 1.5, 2.5], "rotation": 180, "texture": "#0"},
				"east": {"uv": [0.75, 2, 1.5, 2.5], "rotation": 270, "texture": "#0"},
				"south": {"uv": [0.75, 2, 1.5, 2.5], "texture": "#0"},
				"west": {"uv": [0.75, 2, 1.5, 2.5], "rotation": 90, "texture": "#0"},
				"up": {"uv": [0.75, 2, 1.5, 2.5], "rotation": 180, "texture": "#0"},
				"down": {"uv": [0.75, 2, 1.5, 2.5], "texture": "#0"}
			}
		},
		{
			"from": [6.5, 5, 11],
			"to": [9.5, 7, 14],
			"faces": {
				"north": {"uv": [0, 1.5, 0.25, 2], "texture": "#0"},
				"east": {"uv": [2, 1.5, 1.25, 2], "texture": "#0"},
				"south": {"uv": [0, 2, 0.75, 2.5], "texture": "#0"},
				"west": {"uv": [1.25, 1.5, 2, 2], "texture": "#0"},
				"up": {"uv": [0.75, 3, 1.5, 3.75], "texture": "#0"},
				"down": {"uv": [0, 2.5, 0.75, 3.25], "texture": "#0"}
			}
		},
		{
			"from": [6, 4.5, 14.5],
			"to": [10, 5.5, 14.5],
			"rotation": {"angle": 0, "axis": "y", "origin": [8, 0.5, 11.25]},
			"faces": {
				"north": {"uv": [1, 4.5, 2, 4.75], "texture": "#0"},
				"east": {"uv": [0, 5, 1, 5.5], "texture": "#0"},
				"south": {"uv": [1, 4.5, 2, 4.75], "texture": "#0"},
				"west": {"uv": [1, 5, 0, 5.5], "texture": "#0"},
				"up": {"uv": [0, 5.5, 1, 6.75], "rotation": 180, "texture": "#0"},
				"down": {"uv": [0, 5.5, 1, 6.75], "rotation": 180, "texture": "#0"}
			}
		},
		{
			"from": [6, 4.5, 10.5],
			"to": [6, 6.5, 14.5],
			"rotation": {"angle": 0, "axis": "y", "origin": [8, 0.5, 11.25]},
			"faces": {
				"north": {"uv": [0, 0, 1, 0.5], "texture": "#0"},
				"east": {"uv": [0, 5, 1, 5.5], "texture": "#0"},
				"south": {"uv": [0, 0, 1, 0.5], "texture": "#0"},
				"west": {"uv": [1, 5, 0, 5.5], "texture": "#0"},
				"up": {"uv": [0, 5.5, 1, 6.75], "rotation": 180, "texture": "#0"},
				"down": {"uv": [0, 5.5, 1, 6.75], "rotation": 180, "texture": "#0"}
			}
		},
		{
			"from": [10, 4.5, 10.5],
			"to": [10, 6.5, 14.5],
			"rotation": {"angle": 0, "axis": "y", "origin": [8, 0.5, 11.25]},
			"faces": {
				"north": {"uv": [0, 0, 1, 0.5], "texture": "#0"},
				"east": {"uv": [0, 5, 1, 5.5], "texture": "#0"},
				"south": {"uv": [0, 0, 1, 0.5], "texture": "#0"},
				"west": {"uv": [1, 5, 0, 5.5], "texture": "#0"},
				"up": {"uv": [0, 5.5, 1, 6.75], "rotation": 180, "texture": "#0"},
				"down": {"uv": [0, 5.5, 1, 6.75], "rotation": 180, "texture": "#0"}
			}
		},
		{
			"from": [6, 4.5, 9.5],
			"to": [10, 4.5, 14.5],
			"rotation": {"angle": 0, "axis": "y", "origin": [8, 0.5, 11.25]},
			"faces": {
				"north": {"uv": [0, 0, 1, 0.5], "texture": "#0"},
				"east": {"uv": [0, 5, 1.25, 5.5], "texture": "#0"},
				"south": {"uv": [0, 0, 1, 0.5], "texture": "#0"},
				"west": {"uv": [0, 0, 1.25, 0.5], "texture": "#0"},
				"up": {"uv": [0, 6.75, 1, 5.5], "rotation": 180, "texture": "#0"},
				"down": {"uv": [0, 5.5, 1, 6.75], "rotation": 180, "texture": "#0"}
			}
		},
		{
			"from": [9.5, 3.5, 13],
			"to": [9.5, 5.5, 17],
			"rotation": {"angle": 22.5, "axis": "z", "origin": [9.5, 5.5, 15]},
			"faces": {
				"north": {"uv": [0, 4.5, 1, 5], "texture": "#0"},
				"east": {"uv": [1, 4.5, 0, 5], "texture": "#0"},
				"south": {"uv": [0, 4.5, 1, 5], "texture": "#0"},
				"west": {"uv": [0, 4.5, 1, 5], "texture": "#0"},
				"up": {"uv": [0, 4.5, 1, 5], "texture": "#0"},
				"down": {"uv": [0, 4.5, 1, 5], "texture": "#0"}
			}
		},
		{
			"from": [6.5, 3.5, 13],
			"to": [6.5, 5.5, 17],
			"rotation": {"angle": -22.5, "axis": "z", "origin": [6.5, 5.5, 15]},
			"faces": {
				"north": {"uv": [0, 4.5, 1, 5], "texture": "#0"},
				"east": {"uv": [1, 4.5, 0, 5], "texture": "#0"},
				"south": {"uv": [0, 4.5, 1, 5], "texture": "#0"},
				"west": {"uv": [0, 4.5, 1, 5], "texture": "#0"},
				"up": {"uv": [0, 4.5, 1, 5], "texture": "#0"},
				"down": {"uv": [0, 4.5, 1, 5], "texture": "#0"}
			}
		},
		{
			"from": [8, 6, 13],
			"to": [8, 8, 17],
			"rotation": {"angle": 0, "axis": "x", "origin": [8, 6.5, 15]},
			"faces": {
				"north": {"uv": [0, 4.5, 1, 5], "rotation": 180, "texture": "#0"},
				"east": {"uv": [0, 4.5, 1, 5], "rotation": 180, "texture": "#0"},
				"south": {"uv": [0, 4.5, 1, 5], "rotation": 180, "texture": "#0"},
				"west": {"uv": [1, 4.5, 0, 5], "rotation": 180, "texture": "#0"},
				"up": {"uv": [0, 4.5, 1, 5], "rotation": 180, "texture": "#0"},
				"down": {"uv": [0, 4.5, 1, 5], "rotation": 180, "texture": "#0"}
			}
		},
		{
			"from": [7.5, 7.11, 8],
			"to": [8.5, 7.11, 11],
			"faces": {
				"north": {"uv": [1, 5, 1.25, 5.25], "texture": "#0"},
				"east": {"uv": [1, 5, 1.25, 5.25], "texture": "#0"},
				"south": {"uv": [1, 5, 1.25, 5.25], "texture": "#0"},
				"west": {"uv": [1, 5, 1.25, 5.25], "texture": "#0"},
				"up": {"uv": [1, 5, 1.25, 5.25], "texture": "#0"},
				"down": {"uv": [1, 5, 1.25, 5.25], "texture": "#0"}
			}
		},
		{
			"from": [7.5, 8.11, 4],
			"to": [8.5, 8.11, 5],
			"faces": {
				"north": {"uv": [1, 5, 1.25, 5.25], "texture": "#0"},
				"east": {"uv": [1, 5, 1.25, 5.25], "texture": "#0"},
				"south": {"uv": [1, 5, 1.25, 5.25], "texture": "#0"},
				"west": {"uv": [1, 5, 1.25, 5.25], "texture": "#0"},
				"up": {"uv": [1, 5, 1.25, 5.25], "texture": "#0"},
				"down": {"uv": [1, 5, 1.25, 5.25], "texture": "#0"}
			}
		}
	],
	"display": {
		"thirdperson_righthand": {
			"rotation": [0, 180, 0],
			"translation": [0, 0.5, -1]
		},
		"thirdperson_lefthand": {
			"rotation": [0, 180, 0],
			"translation": [0, 0.5, -1],
			"scale": [0.99, 0.99, 0.99]
		},
		"firstperson_righthand": {
			"rotation": [0, -180, 0],
			"translation": [1.13, 3.2, 0]
		},
		"firstperson_lefthand": {
			"rotation": [0, -180, 0],
			"translation": [1.13, 3.2, 0]
		},
		"ground": {
			"translation": [0, 0.25, 0]
		},
		"gui": {
			"rotation": [52, 225, 24],
			"translation": [0.75, 2, 0],
			"scale": [1.3, 1.3, 1.3]
		},
		"head": {
			"rotation": [8, 137, 0],
			"translation": [0, 10, 0.25]
		},
		"fixed": {
			"rotation": [-90, 45, 89],
			"translation": [-0.75, 2, -1.75],
			"scale": [2, 2, 2]
		}
	},
	"groups": [
		{
			"name": "back",
			"origin": [8, 8, 8],
			"color": 0,
			"nbt": "{}",
			"armAnimationEnabled": false,
			"children": [0, 1, 2, 3, 4, 5, 6, 7]
		},
		8,
		9,
		10,
		11,
		{
			"name": "group",
			"origin": [0, 0, 0],
			"color": 0,
			"nbt": "{}",
			"armAnimationEnabled": false,
			"children": [12, 13, 14, 15]
		},
		16,
		17,
		18,
		{
			"name": "group",
			"origin": [0, 0, 0],
			"color": 0,
			"nbt": "{}",
			"armAnimationEnabled": false,
			"children": [19, 20]
		}
	]
}