{
	"credit": "Made with Blockbench",
	"ambientocclusion": false,
	"texture_size": [48, 48],
	"textures": {
		"0": "RELOADED:blocks/panel/panel",
		"particle": "RELOADED:blocks/panel/panel"
	},
	"elements": [
		{
			"from": [10, 4.35089, 11.62095],
			"to": [11, 7.35089, 14.62095],
			"rotation": {"angle": 0, "axis": "x", "origin": [8, 3.97264, 3.6306]},
			"faces": {
				"north": {"uv": [6.33333, 1, 6.66667, 2], "texture": "#0"},
				"east": {"uv": [6.33333, 1, 7.33333, 2], "texture": "#0"},
				"south": {"uv": [6.33333, 1, 6.66667, 2], "texture": "#0"},
				"west": {"uv": [6.33333, 1, 7.33333, 2], "texture": "#0"},
				"up": {"uv": [6.33333, 1, 6.66667, 2], "texture": "#0"},
				"down": {"uv": [6.33333, 1, 6.66667, 2], "texture": "#0"}
			}
		},
		{
			"from": [5, 4.35089, 11.62095],
			"to": [6, 7.35089, 14.62095],
			"rotation": {"angle": 0, "axis": "x", "origin": [8, 3.97264, 3.6306]},
			"faces": {
				"north": {"uv": [6.33333, 1, 6.66667, 2], "texture": "#0"},
				"east": {"uv": [6.33333, 1, 7.33333, 2], "texture": "#0"},
				"south": {"uv": [6.33333, 1, 6.66667, 2], "texture": "#0"},
				"west": {"uv": [6.33333, 1, 7.33333, 2], "texture": "#0"},
				"up": {"uv": [6.33333, 1, 6.66667, 2], "texture": "#0"},
				"down": {"uv": [6.33333, 1, 6.66667, 2], "texture": "#0"}
			}
		},
		{
			"from": [5.5, 4.85089, 5.62095],
			"to": [10.5, 5.85089, 11.62095],
			"rotation": {"angle": 0, "axis": "x", "origin": [8, 3.97264, 3.6306]},
			"faces": {
				"north": {"uv": [6.33333, 2, 8, 2.33333], "texture": "#0"},
				"east": {"uv": [6.33333, 2, 6.66667, 4], "rotation": 90, "texture": "#0"},
				"south": {"uv": [6.33333, 3.66667, 8, 4], "rotation": 180, "texture": "#0"},
				"west": {"uv": [6.33333, 2, 6.66667, 4], "rotation": 270, "texture": "#0"},
				"up": {"uv": [6.33333, 2, 8, 4], "texture": "#0"},
				"down": {"uv": [6.33333, 2, 8, 4], "rotation": 180, "texture": "#0"}
			}
		},
		{
			"from": [5.5, 5.85089, 5.62095],
			"to": [10.5, 6.85089, 11.62095],
			"rotation": {"angle": 0, "axis": "x", "origin": [8, 3.97264, 3.6306]},
			"faces": {
				"north": {"uv": [6.33333, 2, 8, 2.33333], "texture": "#0"},
				"east": {"uv": [6.33333, 2, 6.66667, 4], "rotation": 90, "texture": "#0"},
				"south": {"uv": [6.33333, 3.66667, 8, 4], "rotation": 180, "texture": "#0"},
				"west": {"uv": [6.33333, 2, 6.66667, 4], "rotation": 270, "texture": "#0"},
				"up": {"uv": [6.33333, 2, 8, 4], "texture": "#0"},
				"down": {"uv": [6.33333, 2, 8, 4], "rotation": 180, "texture": "#0"}
			}
		},
		{
			"from": [4.5, 3.85089, 1.62095],
			"to": [11.5, 7.85089, 5.62095],
			"rotation": {"angle": 0, "axis": "x", "origin": [8, 3.97264, 3.6306]},
			"faces": {
				"north": {"uv": [9, 0.33333, 11.33333, 1.66667], "texture": "#0"},
				"east": {"uv": [8.33333, 2.33333, 9.66667, 3.66667], "texture": "#0"},
				"south": {"uv": [9, 0.33333, 11.33333, 1.66667], "texture": "#0"},
				"west": {"uv": [8.33333, 2.33333, 9.66667, 3.66667], "texture": "#0"},
				"up": {"uv": [9, 0.33333, 11.33333, 1.66667], "texture": "#0"},
				"down": {"uv": [9, 0.33333, 11.33333, 1.66667], "texture": "#0"}
			}
		},
		{
			"from": [6.74, 2.69649, 0.2584],
			"to": [9.26, 5.21649, 4.7784],
			"rotation": {"angle": 22.5, "axis": "x", "origin": [8, 3.97264, 3.6306]},
			"faces": {
				"north": {"uv": [5.33333, 0, 6.33333, 1], "rotation": 180, "texture": "#0"},
				"east": {"uv": [5.33333, 1.66667, 6.33333, 3.33333], "rotation": 90, "texture": "#0"},
				"south": {"uv": [5.33333, 0, 6.33333, 1], "texture": "#0"},
				"west": {"uv": [5.33333, 1.66667, 6.33333, 3.33333], "rotation": 270, "texture": "#0"},
				"up": {"uv": [5.33333, 1.66667, 6.33333, 3.33333], "texture": "#0"},
				"down": {"uv": [5.33333, 1.66667, 6.33333, 3.33333], "rotation": 180, "texture": "#0"}
			}
		},
		{
			"from": [6.75, 5.50071, 0.39389],
			"to": [9.25, 8.00071, 3.89389],
			"rotation": {"angle": -22.5, "axis": "x", "origin": [8, 3.97264, 3.6306]},
			"faces": {
				"north": {"uv": [5.33333, 0, 6.33333, 1], "rotation": 180, "texture": "#0"},
				"east": {"uv": [5.33333, 1.66667, 6.33333, 3], "rotation": 90, "texture": "#0"},
				"south": {"uv": [5.33333, 0, 6.33333, 1], "texture": "#0"},
				"west": {"uv": [5.33333, 1.66667, 6.33333, 3], "rotation": 270, "texture": "#0"},
				"up": {"uv": [5.33333, 1.66667, 6.33333, 3], "texture": "#0"},
				"down": {"uv": [5.33333, 1.66667, 6.33333, 3], "rotation": 180, "texture": "#0"}
			}
		},
		{
			"from": [5.75, 4.06385, 8.97602],
			"to": [10.25, 6.56385, 11.47602],
			"rotation": {"angle": 45, "axis": "x", "origin": [8, 1.97264, 13.1306]},
			"faces": {
				"north": {"uv": [7, 4.33333, 8.66667, 5.33333], "rotation": 180, "texture": "#0"},
				"east": {"uv": [5.33333, 3.33333, 6.33333, 4.33333], "rotation": 90, "texture": "#0"},
				"south": {"uv": [7, 4.33333, 8.66667, 5.33333], "texture": "#0"},
				"west": {"uv": [5.33333, 3.33333, 6.33333, 4.33333], "rotation": 270, "texture": "#0"},
				"up": {"uv": [5.33333, 4.33333, 7, 5.33333], "texture": "#0"},
				"down": {"uv": [5.33333, 4.33333, 7, 5.33333], "rotation": 180, "texture": "#0"}
			}
		},
		{
			"from": [6.75, 4.06385, 1.47602],
			"to": [9.25, 6.56385, 8.97602],
			"rotation": {"angle": 45, "axis": "x", "origin": [8, 1.97264, 13.1306]},
			"faces": {
				"north": {"uv": [5.33333, 0, 6.33333, 1], "rotation": 180, "texture": "#0"},
				"east": {"uv": [5.33333, 1.66667, 6.33333, 4.33333], "rotation": 90, "texture": "#0"},
				"south": {"uv": [5.33333, 0, 6.33333, 1], "texture": "#0"},
				"west": {"uv": [5.33333, 1.66667, 6.33333, 4.33333], "rotation": 270, "texture": "#0"},
				"up": {"uv": [5.33333, 1.66667, 6.33333, 4.33333], "texture": "#0"},
				"down": {"uv": [5.33333, 1.66667, 6.33333, 4.33333], "rotation": 180, "texture": "#0"}
			}
		},
		{
			"from": [7.5, 4.81385, -6.52398],
			"to": [8.5, 5.81385, 1.47602],
			"rotation": {"angle": 45, "axis": "x", "origin": [8, 1.97264, 13.1306]},
			"faces": {
				"north": {"uv": [0, 2.66667, 0.33333, 3], "rotation": 180, "texture": "#0"},
				"east": {"uv": [0, 2.66667, 0.33333, 5.33333], "rotation": 90, "texture": "#0"},
				"south": {"uv": [0, 2.66667, 0.33333, 3], "texture": "#0"},
				"west": {"uv": [0, 2.66667, 0.33333, 5.33333], "rotation": 270, "texture": "#0"},
				"up": {"uv": [0, 2.66667, 0.33333, 5.33333], "texture": "#0"},
				"down": {"uv": [0, 2.66667, 0.33333, 5.33333], "rotation": 180, "texture": "#0"}
			}
		},
		{
			"from": [0, 26, 0.25],
			"to": [16, 27, 0.25],
			"rotation": {"angle": 0, "axis": "x", "origin": [8, 14.5, 1.5]},
			"faces": {
				"north": {"uv": [0, 0, 5.33333, 0.33333], "rotation": 180, "texture": "#0"},
				"east": {"uv": [0, 0, 0.33333, 0], "rotation": 90, "texture": "#0"},
				"south": {"uv": [0, 0, 5.33333, 0.33333], "texture": "#0"},
				"west": {"uv": [0, 0, 0.33333, 0], "rotation": 270, "texture": "#0"},
				"up": {"uv": [0, 0, 5.33333, 0], "texture": "#0"},
				"down": {"uv": [0, 0, 5.33333, 0], "rotation": 180, "texture": "#0"}
			}
		},
		{
			"from": [0, 21, 0.25],
			"to": [16, 22, 0.25],
			"rotation": {"angle": 0, "axis": "x", "origin": [8, 14.5, 1.5]},
			"faces": {
				"north": {"uv": [0, 0, 5.33333, 0.33333], "rotation": 180, "texture": "#0"},
				"east": {"uv": [0, 0, 0.33333, 0], "rotation": 90, "texture": "#0"},
				"south": {"uv": [0, 0, 5.33333, 0.33333], "texture": "#0"},
				"west": {"uv": [0, 0, 0.33333, 0], "rotation": 270, "texture": "#0"},
				"up": {"uv": [0, 0, 5.33333, 0], "texture": "#0"},
				"down": {"uv": [0, 0, 5.33333, 0], "rotation": 180, "texture": "#0"}
			}
		},
		{
			"from": [0, 16, 0],
			"to": [0, 32, 1],
			"rotation": {"angle": 0, "axis": "x", "origin": [8, 14.5, 1.5]},
			"faces": {
				"north": {"uv": [0, 0, 0, 5.33333], "rotation": 180, "texture": "#0"},
				"east": {"uv": [0, 0, 5.33333, 0.33333], "rotation": 90, "texture": "#0"},
				"south": {"uv": [0, 0, 0, 5.33333], "texture": "#0"},
				"west": {"uv": [0, 0, 5.33333, 0.33333], "rotation": 270, "texture": "#0"},
				"up": {"uv": [0, 0, 0, 0.33333], "texture": "#0"},
				"down": {"uv": [0, 0, 0, 0.33333], "rotation": 180, "texture": "#0"}
			}
		},
		{
			"from": [16, 16, 0],
			"to": [16, 32, 1],
			"rotation": {"angle": 0, "axis": "x", "origin": [8, 14.5, 1.5]},
			"faces": {
				"north": {"uv": [0, 0, 0, 5.33333], "rotation": 180, "texture": "#0"},
				"east": {"uv": [0, 0, 5.33333, 0.33333], "rotation": 90, "texture": "#0"},
				"south": {"uv": [0, 0, 0, 5.33333], "texture": "#0"},
				"west": {"uv": [0, 0, 5.33333, 0.33333], "rotation": 270, "texture": "#0"},
				"up": {"uv": [0, 0, 0, 0.33333], "texture": "#0"},
				"down": {"uv": [0, 0, 0, 0.33333], "rotation": 180, "texture": "#0"}
			}
		},
		{
			"from": [0, 16, 0],
			"to": [16, 16, 1],
			"rotation": {"angle": 0, "axis": "x", "origin": [8, 14.5, 1.5]},
			"faces": {
				"north": {"uv": [0, 0, 5.33333, 0], "rotation": 180, "texture": "#0"},
				"east": {"uv": [0, 0, 0, 0.33333], "rotation": 90, "texture": "#0"},
				"south": {"uv": [0, 0, 5.33333, 0], "texture": "#0"},
				"west": {"uv": [0, 0, 0, 0.33333], "rotation": 270, "texture": "#0"},
				"up": {"uv": [0, 0, 5.33333, 0.33333], "texture": "#0"},
				"down": {"uv": [0, 0, 5.33333, 0.33333], "rotation": 180, "texture": "#0"}
			}
		},
		{
			"from": [0, 32, 0],
			"to": [16, 32, 1],
			"rotation": {"angle": 0, "axis": "x", "origin": [8, 14.5, 1.5]},
			"faces": {
				"north": {"uv": [0, 0, 5.33333, 0], "rotation": 180, "texture": "#0"},
				"east": {"uv": [0, 0, 0, 0.33333], "rotation": 90, "texture": "#0"},
				"south": {"uv": [0, 0, 5.33333, 0], "texture": "#0"},
				"west": {"uv": [0, 0, 0, 0.33333], "rotation": 270, "texture": "#0"},
				"up": {"uv": [0, 0, 5.33333, 0.33333], "texture": "#0"},
				"down": {"uv": [0, 0, 5.33333, 0.33333], "rotation": 180, "texture": "#0"}
			}
		},
		{
			"from": [0, 16, 0],
			"to": [1, 32, 0],
			"rotation": {"angle": 0, "axis": "x", "origin": [8, 14.5, 1.5]},
			"faces": {
				"north": {"uv": [0, 0, 0.33333, 5.33333], "rotation": 180, "texture": "#0"},
				"east": {"uv": [0, 0, 5.33333, 0], "rotation": 90, "texture": "#0"},
				"south": {"uv": [0, 0, 0.33333, 5.33333], "texture": "#0"},
				"west": {"uv": [0, 0, 5.33333, 0], "rotation": 270, "texture": "#0"},
				"up": {"uv": [0, 0, 5.33333, 0], "texture": "#0"},
				"down": {"uv": [0, 0, 5.33333, 0], "rotation": 180, "texture": "#0"}
			}
		},
		{
			"from": [15, 16, 0],
			"to": [16, 32, 0],
			"rotation": {"angle": 0, "axis": "x", "origin": [8, 14.5, 1.5]},
			"faces": {
				"north": {"uv": [0, 0, 0.33333, 5.33333], "rotation": 180, "texture": "#0"},
				"east": {"uv": [0, 0, 5.33333, 0], "rotation": 90, "texture": "#0"},
				"south": {"uv": [0, 0, 0.33333, 5.33333], "texture": "#0"},
				"west": {"uv": [0, 0, 5.33333, 0], "rotation": 270, "texture": "#0"},
				"up": {"uv": [0, 0, 5.33333, 0], "texture": "#0"},
				"down": {"uv": [0, 0, 5.33333, 0], "rotation": 180, "texture": "#0"}
			}
		},
		{
			"from": [0, 16, 0],
			"to": [16, 17, 0],
			"rotation": {"angle": 0, "axis": "x", "origin": [8, 14.5, 1.5]},
			"faces": {
				"north": {"uv": [0, 0, 5.33333, 0.33333], "rotation": 180, "texture": "#0"},
				"east": {"uv": [0, 0, 5.33333, 0], "rotation": 90, "texture": "#0"},
				"south": {"uv": [0, 0, 5.33333, 0.33333], "texture": "#0"},
				"west": {"uv": [0, 0, 5.33333, 0], "rotation": 270, "texture": "#0"},
				"up": {"uv": [0, 0, 5.33333, 0], "texture": "#0"},
				"down": {"uv": [0, 0, 5.33333, 0], "rotation": 180, "texture": "#0"}
			}
		},
		{
			"from": [0, 31, 0],
			"to": [16, 32, 0],
			"rotation": {"angle": 0, "axis": "x", "origin": [8, 14.5, 1.5]},
			"faces": {
				"north": {"uv": [0, 0, 5.33333, 0.33333], "rotation": 180, "texture": "#0"},
				"east": {"uv": [0, 0, 5.33333, 0], "rotation": 90, "texture": "#0"},
				"south": {"uv": [0, 0, 5.33333, 0.33333], "texture": "#0"},
				"west": {"uv": [0, 0, 5.33333, 0], "rotation": 270, "texture": "#0"},
				"up": {"uv": [0, 0, 5.33333, 0], "texture": "#0"},
				"down": {"uv": [0, 0, 5.33333, 0], "rotation": 180, "texture": "#0"}
			}
		},
		{
			"from": [0, 16, 1],
			"to": [1, 32, 1],
			"rotation": {"angle": 0, "axis": "x", "origin": [8, 14.5, 1.5]},
			"faces": {
				"north": {"uv": [0, 0, 0.33333, 5.33333], "rotation": 180, "texture": "#0"},
				"east": {"uv": [0, 0, 5.33333, 0], "rotation": 90, "texture": "#0"},
				"south": {"uv": [0, 0, 0.33333, 5.33333], "texture": "#0"},
				"west": {"uv": [0, 0, 5.33333, 0], "rotation": 270, "texture": "#0"},
				"up": {"uv": [0, 0, 5.33333, 0], "texture": "#0"},
				"down": {"uv": [0, 0, 5.33333, 0], "rotation": 180, "texture": "#0"}
			}
		},
		{
			"from": [15, 16, 1],
			"to": [16, 32, 1],
			"rotation": {"angle": 0, "axis": "x", "origin": [8, 14.5, 1.5]},
			"faces": {
				"north": {"uv": [0, 0, 0.33333, 5.33333], "rotation": 180, "texture": "#0"},
				"east": {"uv": [0, 0, 5.33333, 0], "rotation": 90, "texture": "#0"},
				"south": {"uv": [0, 0, 0.33333, 5.33333], "texture": "#0"},
				"west": {"uv": [0, 0, 5.33333, 0], "rotation": 270, "texture": "#0"},
				"up": {"uv": [0, 0, 5.33333, 0], "texture": "#0"},
				"down": {"uv": [0, 0, 5.33333, 0], "rotation": 180, "texture": "#0"}
			}
		},
		{
			"from": [0, 16, 1],
			"to": [16, 17, 1],
			"rotation": {"angle": 0, "axis": "x", "origin": [8, 14.5, 1.5]},
			"faces": {
				"north": {"uv": [0, 0, 5.33333, 0.33333], "rotation": 180, "texture": "#0"},
				"east": {"uv": [0, 0, 5.33333, 0], "rotation": 90, "texture": "#0"},
				"south": {"uv": [0, 0, 5.33333, 0.33333], "texture": "#0"},
				"west": {"uv": [0, 0, 5.33333, 0], "rotation": 270, "texture": "#0"},
				"up": {"uv": [0, 0, 5.33333, 0], "texture": "#0"},
				"down": {"uv": [0, 0, 5.33333, 0], "rotation": 180, "texture": "#0"}
			}
		},
		{
			"from": [0, 31, 1],
			"to": [16, 32, 1],
			"rotation": {"angle": 0, "axis": "x", "origin": [8, 14.5, 1.5]},
			"faces": {
				"north": {"uv": [0, 0, 5.33333, 0.33333], "rotation": 180, "texture": "#0"},
				"east": {"uv": [0, 0, 5.33333, 0], "rotation": 90, "texture": "#0"},
				"south": {"uv": [0, 0, 5.33333, 0.33333], "texture": "#0"},
				"west": {"uv": [0, 0, 5.33333, 0], "rotation": 270, "texture": "#0"},
				"up": {"uv": [0, 0, 5.33333, 0], "texture": "#0"},
				"down": {"uv": [0, 0, 5.33333, 0], "rotation": 180, "texture": "#0"}
			}
		},
		{
			"from": [5.5, 17, 0.5],
			"to": [7.5, 31, 2.5],
			"rotation": {"angle": 0, "axis": "x", "origin": [8, 14.5, 1.5]},
			"faces": {
				"north": {"uv": [5.33333, 0, 6, 4.66667], "texture": "#0"},
				"east": {"uv": [5.33333, 0, 6, 4.66667], "texture": "#0"},
				"south": {"uv": [5.33333, 0, 6, 4.66667], "texture": "#0"},
				"west": {"uv": [5.33333, 0, 6, 4.66667], "texture": "#0"},
				"up": {"uv": [5.33333, 0, 6, 0.66667], "texture": "#0"},
				"down": {"uv": [5.33333, 0, 6, 0.66667], "texture": "#0"}
			}
		},
		{
			"from": [8.5, 17, 0.5],
			"to": [10.5, 31, 2.5],
			"rotation": {"angle": 0, "axis": "x", "origin": [8, 14.5, 1.5]},
			"faces": {
				"north": {"uv": [5.33333, 0, 6, 4.66667], "texture": "#0"},
				"east": {"uv": [5.33333, 0, 6, 4.66667], "texture": "#0"},
				"south": {"uv": [5.33333, 0, 6, 4.66667], "texture": "#0"},
				"west": {"uv": [5.33333, 0, 6, 4.66667], "texture": "#0"},
				"up": {"uv": [5.33333, 0, 6, 0.66667], "texture": "#0"},
				"down": {"uv": [5.33333, 0, 6, 0.66667], "texture": "#0"}
			}
		},
		{
			"from": [6, 29.5, 0.25],
			"to": [10, 31.5, 3.25],
			"rotation": {"angle": 0, "axis": "x", "origin": [8, 14.5, 1.5]},
			"faces": {
				"north": {"uv": [7.66667, 0, 9, 0.66667], "rotation": 180, "texture": "#0"},
				"east": {"uv": [7.66667, 0, 8.33333, 1], "rotation": 90, "texture": "#0"},
				"south": {"uv": [7.66667, 0, 9, 0.66667], "texture": "#0"},
				"west": {"uv": [7.66667, 0, 8.33333, 1], "rotation": 270, "texture": "#0"},
				"up": {"uv": [6.33333, 0, 7.66667, 1], "texture": "#0"},
				"down": {"uv": [6.33333, 0, 7.66667, 1], "rotation": 180, "texture": "#0"}
			}
		},
		{
			"from": [5, 28.75, 0.25],
			"to": [6, 31.75, 3.25],
			"rotation": {"angle": 0, "axis": "x", "origin": [8, 14.5, 1.5]},
			"faces": {
				"north": {"uv": [6.33333, 1, 6.66667, 2], "rotation": 180, "texture": "#0"},
				"east": {"uv": [6.33333, 1, 7.33333, 2], "rotation": 90, "texture": "#0"},
				"south": {"uv": [6.33333, 1, 6.66667, 2], "texture": "#0"},
				"west": {"uv": [6.33333, 1, 7.33333, 2], "rotation": 270, "texture": "#0"},
				"up": {"uv": [6.33333, 1, 6.66667, 2], "texture": "#0"},
				"down": {"uv": [6.33333, 1, 6.66667, 2], "rotation": 180, "texture": "#0"}
			}
		},
		{
			"from": [10, 28.75, 0.25],
			"to": [11, 31.75, 3.25],
			"rotation": {"angle": 0, "axis": "x", "origin": [8, 14.5, 1.5]},
			"faces": {
				"north": {"uv": [6.33333, 1, 6.66667, 2], "rotation": 180, "texture": "#0"},
				"east": {"uv": [6.33333, 1, 7.33333, 2], "rotation": 90, "texture": "#0"},
				"south": {"uv": [6.33333, 1, 6.66667, 2], "texture": "#0"},
				"west": {"uv": [6.33333, 1, 7.33333, 2], "rotation": 270, "texture": "#0"},
				"up": {"uv": [6.33333, 1, 6.66667, 2], "texture": "#0"},
				"down": {"uv": [6.33333, 1, 6.66667, 2], "rotation": 180, "texture": "#0"}
			}
		},
		{
			"from": [-0.01, 16, -0.01],
			"to": [15.99, 32, -0.01],
			"rotation": {"angle": 0, "axis": "y", "origin": [8, 26, 0]},
			"faces": {
				"north": {"uv": [0, 5.33333, 5.33333, 10.66667], "texture": "#0"},
				"east": {"uv": [0, 5.33333, 5.33333, 10.66667], "texture": "#0"},
				"south": {"uv": [5.33333, 5.33333, 10.66666, 10.66667], "texture": "#0"},
				"west": {"uv": [0, 5.33333, 5.33333, 10.66667], "texture": "#0"},
				"up": {"uv": [0, 5.33333, 5.33333, 10.66667], "texture": "#0"},
				"down": {"uv": [0, 5.33333, 5.33333, 10.66667], "texture": "#0"}
			}
		},
		{
			"from": [3, 3, 0],
			"to": [13, 3, 10],
			"rotation": {"angle": 0, "axis": "y", "origin": [3, 3, 0]},
			"faces": {
				"north": {"uv": [11.33333, 0, 14.66666, 3.33334], "texture": "#0"},
				"east": {"uv": [11.33333, 0, 14.66666, 3.33334], "texture": "#0"},
				"south": {"uv": [11.33333, 0, 14.66666, 3.33334], "texture": "#0"},
				"west": {"uv": [11.33333, 0, 14.66666, 3.33334], "texture": "#0"},
				"up": {"uv": [11.33333, 0, 14.66666, 3.33334], "texture": "#0"},
				"down": {"uv": [11.33333, 0, 14.66666, 3.33334], "texture": "#0"}
			}
		},
		{
			"from": [5, -1, 2],
			"to": [11, 3, 8],
			"rotation": {"angle": 0, "axis": "y", "origin": [5, 0, 2]},
			"faces": {
				"north": {"uv": [12, 1.66667, 14, 3], "texture": "#0"},
				"east": {"uv": [12, 1.66667, 14, 3], "texture": "#0"},
				"south": {"uv": [12, 1.66667, 14, 3], "texture": "#0"},
				"west": {"uv": [12, 1.66667, 14, 3], "texture": "#0"},
				"up": {"uv": [12, 0.66667, 14, 2.66667], "texture": "#0"},
				"down": {"uv": [12, 0.66667, 14, 2.66667], "texture": "#0"}
			}
		},
		{
			"from": [3, -0.99, 0],
			"to": [13, -0.99, 10],
			"rotation": {"angle": 0, "axis": "y", "origin": [3, 0, 0]},
			"faces": {
				"north": {"uv": [11.33333, 0, 14.66666, 3.33334], "texture": "#0"},
				"east": {"uv": [11.33333, 0, 14.66666, 3.33334], "texture": "#0"},
				"south": {"uv": [11.33333, 0, 14.66666, 3.33334], "texture": "#0"},
				"west": {"uv": [11.33333, 0, 14.66666, 3.33334], "texture": "#0"},
				"up": {"uv": [11.33333, 0, 14.66666, 3.33334], "texture": "#0"},
				"down": {"uv": [11.33333, 0, 14.66666, 3.33334], "texture": "#0"}
			}
		}
	],
	"groups": [
		{
			"name": "arm_1",
			"origin": [8, 3, 13.5],
			"color": 0,
			"nbt": "{}",
			"armAnimationEnabled": false,
			"children": [0, 1, 2, 3, 4, 5, 6]
		},
		{
			"name": "arm_2",
			"origin": [0, 0, 0],
			"color": 0,
			"nbt": "{}",
			"armAnimationEnabled": false,
			"children": [7, 8, 9]
		},
		{
			"name": "head",
			"origin": [0, 0, 0],
			"color": 0,
			"nbt": "{}",
			"armAnimationEnabled": false,
			"children": [10, 11, 12, 13, 14, 15, 16, 17, 18, 19, 20, 21, 22, 23, 24, 25, 26, 27, 28, 29]
		},
		{
			"name": "base",
			"origin": [8, 8, 8],
			"color": 0,
			"nbt": "{}",
			"armAnimationEnabled": false,
			"children": [30, 31, 32]
		}
	]
}