{
	"credit": "Made with Blockbench",
	"ambientocclusion": false,
	"texture_size": [32, 32],
	"textures": {
		"0": "RELOADED:blocks/panel/black_panel/black_panel_tiles",
		"1": "RELOADED:blocks/panel/casing",
		"particle": "RELOADED:blocks/panel/black_panel/black_panel_tiles"
	},
	"elements": [
		{
			"from": [1, 1, 1],
			"to": [15, 15, 15],
			"faces": {
				"north": {"uv": [8.5, 0.5, 15.5, 7.5], "texture": "#1"},
				"east": {"uv": [8.5, 0.5, 15.5, 7.5], "texture": "#1"},
				"south": {"uv": [8.5, 0.5, 15.5, 7.5], "texture": "#1"},
				"west": {"uv": [8.5, 0.5, 15.5, 7.5], "texture": "#1"},
				"up": {"uv": [8.5, 0.5, 15.5, 7.5], "texture": "#1"},
				"down": {"uv": [8.5, 0.5, 15.5, 7.5], "texture": "#1"}
			}
		},
		{
			"from": [0, 0, 0],
			"to": [1, 16, 1],
			"faces": {
				"north": {"uv": [0, 8, 0.5, 16], "texture": "#1"},
				"east": {"uv": [0, 8, 0.5, 16], "texture": "#1"},
				"south": {"uv": [0, 8, 0.5, 16], "texture": "#1"},
				"west": {"uv": [0, 8, 0.5, 16], "texture": "#1"},
				"up": {"uv": [0, 8, 0.5, 8.5], "texture": "#1"},
				"down": {"uv": [0, 8, 0.5, 8.5], "texture": "#1"}
			}
		},
		{
			"from": [0, 0, 15],
			"to": [1, 16, 16],
			"faces": {
				"north": {"uv": [7.5, 8, 8, 16], "texture": "#1"},
				"east": {"uv": [7.5, 8, 8, 16], "texture": "#1"},
				"south": {"uv": [7.5, 8, 8, 16], "texture": "#1"},
				"west": {"uv": [7.5, 8, 8, 16], "texture": "#1"},
				"up": {"uv": [7.5, 8, 8, 8.5], "texture": "#1"},
				"down": {"uv": [7.5, 8, 8, 8.5], "texture": "#1"}
			}
		},
		{
			"from": [15, 0, 0],
			"to": [16, 16, 1],
			"faces": {
				"north": {"uv": [0, 8, 0.5, 16], "texture": "#1"},
				"east": {"uv": [0, 8, 0.5, 16], "texture": "#1"},
				"south": {"uv": [0, 8, 0.5, 16], "texture": "#1"},
				"west": {"uv": [0, 8, 0.5, 16], "texture": "#1"},
				"up": {"uv": [0, 8, 0.5, 8.5], "texture": "#1"},
				"down": {"uv": [0, 8, 0.5, 8.5], "texture": "#1"}
			}
		},
		{
			"from": [15, 0, 15],
			"to": [16, 16, 16],
			"faces": {
				"north": {"uv": [7.5, 8, 8, 16], "texture": "#1"},
				"east": {"uv": [7.5, 8, 8, 16], "texture": "#1"},
				"south": {"uv": [7.5, 8, 8, 16], "texture": "#1"},
				"west": {"uv": [7.5, 8, 8, 16], "texture": "#1"},
				"up": {"uv": [7.5, 8, 8, 8.5], "texture": "#1"},
				"down": {"uv": [7.5, 8, 8, 8.5], "texture": "#1"}
			}
		},
		{
			"from": [0, 15, 15],
			"to": [16, 16, 16],
			"faces": {
				"north": {"uv": [0, 8, 8, 8.5], "texture": "#1"},
				"east": {"uv": [0, 8, 0.5, 8.5], "texture": "#1"},
				"south": {"uv": [0, 8, 8, 8.5], "texture": "#1"},
				"west": {"uv": [0, 8, 0.5, 8.5], "texture": "#1"},
				"up": {"uv": [0, 8, 8, 8.5], "texture": "#1"},
				"down": {"uv": [0, 8, 8, 8.5], "texture": "#1"}
			}
		},
		{
			"from": [0, 15, 0],
			"to": [16, 16, 1],
			"faces": {
				"north": {"uv": [0, 8, 8, 8.5], "texture": "#1"},
				"east": {"uv": [0, 8, 0.5, 8.5], "texture": "#1"},
				"south": {"uv": [0, 8, 8, 8.5], "texture": "#1"},
				"west": {"uv": [0, 8, 0.5, 8.5], "texture": "#1"},
				"up": {"uv": [0, 8, 8, 8.5], "texture": "#1"},
				"down": {"uv": [0, 8, 8, 8.5], "texture": "#1"}
			}
		},
		{
			"from": [0, 15, 0],
			"to": [1, 16, 16],
			"faces": {
				"north": {"uv": [0, 8, 0.5, 8.5], "texture": "#1"},
				"east": {"uv": [0, 8, 8, 8.5], "texture": "#1"},
				"south": {"uv": [0, 8, 0.5, 8.5], "texture": "#1"},
				"west": {"uv": [0, 8, 8, 8.5], "texture": "#1"},
				"up": {"uv": [0, 8, 0.5, 16], "texture": "#1"},
				"down": {"uv": [0, 8, 0.5, 16], "texture": "#1"}
			}
		},
		{
			"from": [15, 15, 0],
			"to": [16, 16, 16],
			"faces": {
				"north": {"uv": [0, 8, 0.5, 8.5], "texture": "#1"},
				"east": {"uv": [0, 8, 8, 8.5], "texture": "#1"},
				"south": {"uv": [0, 8, 0.5, 8.5], "texture": "#1"},
				"west": {"uv": [0, 8, 8, 8.5], "texture": "#1"},
				"up": {"uv": [0, 8, 0.5, 16], "texture": "#1"},
				"down": {"uv": [0, 8, 0.5, 16], "texture": "#1"}
			}
		},
		{
			"from": [0, 0, 15],
			"to": [16, 1, 16],
			"faces": {
				"north": {"uv": [0, 8, 8, 8.5], "texture": "#1"},
				"east": {"uv": [0, 8, 0.5, 8.5], "texture": "#1"},
				"south": {"uv": [0, 8, 8, 8.5], "texture": "#1"},
				"west": {"uv": [0, 8, 0.5, 8.5], "texture": "#1"},
				"up": {"uv": [0, 8, 8, 8.5], "texture": "#1"},
				"down": {"uv": [0, 8, 8, 8.5], "texture": "#1"}
			}
		},
		{
			"from": [0, 0, 0],
			"to": [16, 1, 1],
			"faces": {
				"north": {"uv": [0, 8, 8, 8.5], "texture": "#1"},
				"east": {"uv": [0, 8, 0.5, 8.5], "texture": "#1"},
				"south": {"uv": [0, 8, 8, 8.5], "texture": "#1"},
				"west": {"uv": [0, 8, 0.5, 8.5], "texture": "#1"},
				"up": {"uv": [0, 8, 8, 8.5], "texture": "#1"},
				"down": {"uv": [0, 8, 8, 8.5], "texture": "#1"}
			}
		},
		{
			"from": [0, 0, 0],
			"to": [1, 1, 16],
			"faces": {
				"north": {"uv": [0, 8, 0.5, 8.5], "texture": "#1"},
				"east": {"uv": [0, 8, 8, 8.5], "texture": "#1"},
				"south": {"uv": [0, 8, 0.5, 8.5], "texture": "#1"},
				"west": {"uv": [0, 8, 8, 8.5], "texture": "#1"},
				"up": {"uv": [0, 8, 0.5, 16], "texture": "#1"},
				"down": {"uv": [0, 8, 0.5, 16], "texture": "#1"}
			}
		},
		{
			"from": [15, 0, 0],
			"to": [16, 1, 16],
			"faces": {
				"north": {"uv": [0, 8, 0.5, 8.5], "texture": "#1"},
				"east": {"uv": [0, 8, 8, 8.5], "texture": "#1"},
				"south": {"uv": [0, 8, 0.5, 8.5], "texture": "#1"},
				"west": {"uv": [0, 8, 8, 8.5], "texture": "#1"},
				"up": {"uv": [0, 8, 0.5, 16], "texture": "#1"},
				"down": {"uv": [0, 8, 0.5, 16], "texture": "#1"}
			}
		},
		{
			"from": [0, 0, 16.01],
			"to": [16, 16, 16.01],
			"faces": {
				"north": {"uv": [0, 0, 16, 16], "texture": "#0"},
				"east": {"uv": [0, 0, 16, 16], "texture": "#0"},
				"south": {"uv": [0, 0, 16, 16], "texture": "#0"},
				"west": {"uv": [0, 0, 16, 16], "texture": "#0"},
				"up": {"uv": [0, 0, 16, 16], "texture": "#0"},
				"down": {"uv": [0, 0, 16, 16], "texture": "#0"}
			}
		},
		{
			"from": [0, 0, -0.01],
			"to": [16, 16, -0.01],
			"faces": {
				"north": {"uv": [0, 0, 16, 16], "texture": "#0"},
				"east": {"uv": [0, 0, 16, 16], "texture": "#0"},
				"south": {"uv": [0, 0, 16, 16], "texture": "#0"},
				"west": {"uv": [0, 0, 16, 16], "texture": "#0"},
				"up": {"uv": [0, 0, 16, 16], "texture": "#0"},
				"down": {"uv": [0, 0, 16, 16], "texture": "#0"}
			}
		},
		{
			"from": [16.01, 0, 0],
			"to": [16.01, 16, 16],
			"faces": {
				"north": {"uv": [0, 0, 16, 16], "texture": "#0"},
				"east": {"uv": [0, 0, 16, 16], "texture": "#0"},
				"south": {"uv": [0, 0, 16, 16], "texture": "#0"},
				"west": {"uv": [0, 0, 16, 16], "texture": "#0"},
				"up": {"uv": [0, 0, 16, 16], "texture": "#0"},
				"down": {"uv": [0, 0, 16, 16], "texture": "#0"}
			}
		},
		{
			"from": [-0.01, 0, 0],
			"to": [-0.01, 16, 16],
			"faces": {
				"north": {"uv": [0, 0, 16, 16], "texture": "#0"},
				"east": {"uv": [0, 0, 16, 16], "texture": "#0"},
				"south": {"uv": [0, 0, 16, 16], "texture": "#0"},
				"west": {"uv": [0, 0, 16, 16], "texture": "#0"},
				"up": {"uv": [0, 0, 16, 16], "texture": "#0"},
				"down": {"uv": [0, 0, 16, 16], "texture": "#0"}
			}
		},
		{
			"from": [0, -0.01, 0],
			"to": [16, -0.01, 16],
			"faces": {
				"north": {"uv": [0, 0, 16, 16], "texture": "#0"},
				"east": {"uv": [0, 0, 16, 16], "texture": "#0"},
				"south": {"uv": [0, 0, 16, 16], "texture": "#0"},
				"west": {"uv": [0, 0, 16, 16], "texture": "#0"},
				"up": {"uv": [0, 0, 16, 16], "texture": "#0"},
				"down": {"uv": [0, 0, 16, 16], "texture": "#0"}
			}
		},
		{
			"from": [4, 17.01, -5],
			"to": [20, 17.01, 11],
			"rotation": {"angle": 45, "axis": "y", "origin": [12, 16.75, 3]},
			"faces": {
				"north": {"uv": [0, 0, 16, 16], "texture": "#0"},
				"east": {"uv": [0, 0, 16, 16], "texture": "#0"},
				"south": {"uv": [0, 0, 16, 16], "texture": "#0"},
				"west": {"uv": [0, 0, 16, 16], "texture": "#0"},
				"up": {"uv": [0, 0, 16, 16], "texture": "#0"},
				"down": {"uv": [0, 0, 16, 16], "texture": "#0"}
			}
		},
		{
			"from": [4, 17, -5],
			"to": [20, 17, 11],
			"rotation": {"angle": 45, "axis": "y", "origin": [12, 16.75, 3]},
			"faces": {
				"north": {"uv": [8, 0, 16, 8], "texture": "#1"},
				"east": {"uv": [8, 0, 16, 8], "texture": "#1"},
				"south": {"uv": [8, 0, 16, 8], "texture": "#1"},
				"west": {"uv": [8, 0, 16, 8], "texture": "#1"},
				"up": {"uv": [8, 0, 16, 8], "texture": "#1"},
				"down": {"uv": [8, 0, 16, 8], "texture": "#1"}
			}
		},
		{
			"from": [4, 16, 10],
			"to": [20, 17, 11],
			"rotation": {"angle": 45, "axis": "y", "origin": [12, 16.75, 3]},
			"faces": {
				"north": {"uv": [0, 8, 8, 8.5], "texture": "#1"},
				"east": {"uv": [0, 8, 0.5, 8.5], "texture": "#1"},
				"south": {"uv": [0, 8, 8, 8.5], "texture": "#1"},
				"west": {"uv": [0, 8, 0.5, 8.5], "texture": "#1"},
				"up": {"uv": [0, 8, 8, 8.5], "texture": "#1"},
				"down": {"uv": [0, 8, 8, 8.5], "texture": "#1"}
			}
		},
		{
			"from": [4, 16, -5],
			"to": [20, 17, -4],
			"rotation": {"angle": 45, "axis": "y", "origin": [12, 16.75, 3]},
			"faces": {
				"north": {"uv": [0, 8, 8, 8.5], "texture": "#1"},
				"east": {"uv": [0, 8, 0.5, 8.5], "texture": "#1"},
				"south": {"uv": [0, 8, 8, 8.5], "texture": "#1"},
				"west": {"uv": [0, 8, 0.5, 8.5], "texture": "#1"},
				"up": {"uv": [0, 8, 8, 8.5], "texture": "#1"},
				"down": {"uv": [0, 8, 8, 8.5], "texture": "#1"}
			}
		},
		{
			"from": [4, 16, -5],
			"to": [5, 17, 11],
			"rotation": {"angle": 45, "axis": "y", "origin": [12, 16.75, 3]},
			"faces": {
				"north": {"uv": [0, 8, 0.5, 8.5], "texture": "#1"},
				"east": {"uv": [0, 8, 8, 8.5], "texture": "#1"},
				"south": {"uv": [0, 8, 0.5, 8.5], "texture": "#1"},
				"west": {"uv": [0, 8, 8, 8.5], "texture": "#1"},
				"up": {"uv": [0, 8, 0.5, 16], "texture": "#1"},
				"down": {"uv": [0, 8, 0.5, 16], "texture": "#1"}
			}
		},
		{
			"from": [19, 16, -5],
			"to": [20, 17, 11],
			"rotation": {"angle": 45, "axis": "y", "origin": [12, 16.75, 3]},
			"faces": {
				"north": {"uv": [0, 8, 0.5, 8.5], "texture": "#1"},
				"east": {"uv": [0, 8, 8, 8.5], "texture": "#1"},
				"south": {"uv": [0, 8, 0.5, 8.5], "texture": "#1"},
				"west": {"uv": [0, 8, 8, 8.5], "texture": "#1"},
				"up": {"uv": [0, 8, 0.5, 16], "texture": "#1"},
				"down": {"uv": [0, 8, 0.5, 16], "texture": "#1"}
			}
		}
	],
	"display": {
		"thirdperson_righthand": {
			"rotation": [75, 45, 0],
			"translation": [0, 2.5, 0],
			"scale": [0.375, 0.375, 0.375]
		},
		"thirdperson_lefthand": {
			"rotation": [75, 45, 0],
			"translation": [0, 2.5, 0],
			"scale": [0.375, 0.375, 0.375]
		},
		"firstperson_righthand": {
			"rotation": [0, 45, 0],
			"scale": [0.4, 0.4, 0.4]
		},
		"firstperson_lefthand": {
			"rotation": [0, 225, 0],
			"scale": [0.4, 0.4, 0.4]
		},
		"ground": {
			"translation": [0, 3, 0],
			"scale": [0.25, 0.25, 0.25]
		},
		"gui": {
			"rotation": [30, 225, 0],
			"scale": [0.625, 0.625, 0.625]
		},
		"fixed": {
			"scale": [0.5, 0.5, 0.5]
		}
	},
	"groups": [
		{
			"name": "group",
			"origin": [8, 8, 8],
			"color": 0,
			"nbt": "{}",
			"armAnimationEnabled": false,
			"children": [0, 1, 2, 3, 4, 5, 6, 7, 8, 9, 10, 11, 12]
		},
		13,
		14,
		15,
		16,
		17,
		{
			"name": "group",
			"origin": [0, 0, 0],
			"color": 0,
			"nbt": "{}",
			"armAnimationEnabled": false,
			"children": [18, 19, 20, 21, 22, 23]
		}
	]
}