{
	"credit": "Made with Blockbench",
	"ambientocclusion": false,
	"texture_size": [32, 32],
	"textures": {
		"0": "RELOADED:blocks/fizzler/fizzler_emitter",
		"particle": "RELOADED:blocks/fizzler/fizzler_emitter"
	},
	"elements": [
		{
			"from": [6.5, 7, 13],
			"to": [9.5, 25, 16],
			"faces": {
				"north": {"uv": [11.5, 0, 13, 9], "texture": "#0"},
				"east": {"uv": [14.5, 0, 16, 9], "texture": "#0"},
				"west": {"uv": [16, 0, 14.5, 9], "texture": "#0"}
			}
		},
		{
			"from": [6.51, 25.01, 13.01],
			"to": [9.49, 31.99, 15.99],
			"rotation": {"angle": 22.5, "axis": "x", "origin": [8, 25, 13]},
			"faces": {
				"north": {"uv": [10, 0, 11.5, 3.5], "texture": "#0"},
				"east": {"uv": [10, 3.5, 11.5, 7], "texture": "#0"},
				"west": {"uv": [11.5, 3.5, 10, 7], "texture": "#0"},
				"down": {"uv": [8.5, 0, 10, 1.5], "texture": "#0"}
			}
		},
		{
			"from": [6.51, 0.01, 13.01],
			"to": [9.49, 6.99, 15.99],
			"rotation": {"angle": -22.5, "axis": "x", "origin": [8, 7, 13]},
			"faces": {
				"north": {"uv": [10, 3.5, 11.5, 0], "texture": "#0"},
				"east": {"uv": [10, 7, 11.5, 3.5], "texture": "#0"},
				"west": {"uv": [11.5, 7, 10, 3.5], "texture": "#0"},
				"up": {"uv": [8.5, 0, 10, 1.5], "texture": "#0"}
			}
		},
		{
			"from": [2, 0, 16],
			"to": [6, 16, 16],
			"faces": {
				"north": {"uv": [0, 8, 2, 16], "texture": "#0"},
				"east": {"uv": [0, 8, 0, 16], "texture": "#0"},
				"west": {"uv": [0, 8, 0, 16], "texture": "#0"},
				"up": {"uv": [0, 8, 2, 8], "texture": "#0"},
				"down": {"uv": [0, 8, 2, 8], "texture": "#0"}
			}
		},
		{
			"from": [2, 16, 16],
			"to": [6, 32, 16],
			"faces": {
				"north": {"uv": [2, 8, 4, 16], "texture": "#0"},
				"east": {"uv": [2, 8, 2, 16], "texture": "#0"},
				"west": {"uv": [2, 8, 2, 16], "texture": "#0"},
				"up": {"uv": [2, 8, 4, 8], "texture": "#0"},
				"down": {"uv": [2, 8, 4, 8], "texture": "#0"}
			}
		},
		{
			"from": [10, 0, 16],
			"to": [14, 16, 16],
			"faces": {
				"north": {"uv": [2, 8, 0, 16], "texture": "#0"},
				"east": {"uv": [0, 8, 0, 16], "texture": "#0"},
				"west": {"uv": [0, 8, 0, 16], "texture": "#0"},
				"up": {"uv": [2, 8, 0, 8], "texture": "#0"},
				"down": {"uv": [2, 8, 0, 8], "texture": "#0"}
			}
		},
		{
			"from": [10, 16, 16],
			"to": [14, 32, 16],
			"faces": {
				"north": {"uv": [0, 16, 2, 8], "texture": "#0"},
				"east": {"uv": [0, 16, 0, 8], "texture": "#0"},
				"west": {"uv": [0, 16, 0, 8], "texture": "#0"},
				"up": {"uv": [0, 8, 2, 8], "texture": "#0"},
				"down": {"uv": [0, 8, 2, 8], "texture": "#0"}
			}
		},
		{
			"from": [11, 16, 13],
			"to": [11, 32, 17],
			"rotation": {"angle": 22.5, "axis": "y", "origin": [11, 16, 16]},
			"faces": {
				"north": {"uv": [0, 16, 0, 8], "texture": "#0"},
				"east": {"uv": [2, 16, 0, 8], "texture": "#0"},
				"south": {"uv": [0, 16, 0, 8], "texture": "#0"},
				"west": {"uv": [0, 16, 2, 8], "texture": "#0"},
				"up": {"uv": [0, 8, 2, 8], "rotation": 270, "texture": "#0"},
				"down": {"uv": [0, 8, 2, 8], "rotation": 90, "texture": "#0"}
			}
		},
		{
			"from": [11, 0, 13],
			"to": [11, 16, 17],
			"rotation": {"angle": 22.5, "axis": "y", "origin": [11, 16, 16]},
			"faces": {
				"north": {"uv": [0, 16, 0, 8], "rotation": 180, "texture": "#0"},
				"east": {"uv": [2, 16, 0, 8], "rotation": 180, "texture": "#0"},
				"south": {"uv": [0, 16, 0, 8], "rotation": 180, "texture": "#0"},
				"west": {"uv": [0, 16, 2, 8], "rotation": 180, "texture": "#0"},
				"up": {"uv": [0, 8, 2, 8], "rotation": 90, "texture": "#0"},
				"down": {"uv": [0, 8, 2, 8], "rotation": 270, "texture": "#0"}
			}
		},
		{
			"from": [5, 16, 13],
			"to": [5, 32, 17],
			"rotation": {"angle": -22.5, "axis": "y", "origin": [5, 16, 16]},
			"faces": {
				"north": {"uv": [4, 16, 4, 8], "texture": "#0"},
				"east": {"uv": [6, 16, 4, 8], "texture": "#0"},
				"south": {"uv": [4, 16, 4, 8], "texture": "#0"},
				"west": {"uv": [6, 8, 4, 16], "texture": "#0"},
				"up": {"uv": [4, 8, 6, 8], "rotation": 270, "texture": "#0"},
				"down": {"uv": [4, 8, 6, 8], "rotation": 90, "texture": "#0"}
			}
		},
		{
			"from": [5, 0, 13],
			"to": [5, 16, 17],
			"rotation": {"angle": -22.5, "axis": "y", "origin": [5, 16, 16]},
			"faces": {
				"north": {"uv": [0, 16, 0, 8], "rotation": 180, "texture": "#0"},
				"east": {"uv": [2, 16, 0, 8], "rotation": 180, "texture": "#0"},
				"south": {"uv": [0, 16, 0, 8], "rotation": 180, "texture": "#0"},
				"west": {"uv": [0, 16, 2, 8], "rotation": 180, "texture": "#0"},
				"up": {"uv": [0, 8, 2, 8], "rotation": 90, "texture": "#0"},
				"down": {"uv": [0, 8, 2, 8], "rotation": 270, "texture": "#0"}
			}
		}
	],
	"display": {},
	"groups": [
		0,
		1,
		2,
		{
			"name": "group",
			"origin": [0, 0, 0],
			"color": 0,
			"nbt": "{}",
			"armAnimationEnabled": false,
			"children": [3, 4]
		},
		{
			"name": "group",
			"origin": [0, 0, 0],
			"color": 0,
			"nbt": "{}",
			"armAnimationEnabled": false,
			"children": [5, 6]
		},
		{
			"name": "group",
			"origin": [0, 0, 0],
			"color": 0,
			"nbt": "{}",
			"armAnimationEnabled": false,
			"children": [7, 8]
		},
		{
			"name": "group",
			"origin": [0, 0, 0],
			"color": 0,
			"nbt": "{}",
			"armAnimationEnabled": false,
			"children": [9, 10]
		}
	]
}