{
	"credit": "Made with Blockbench",
	"texture_size": [32, 32],
	"textures": {
		"1": "RELOADED:blocks/panel/casing",
		"particle": "RELOADED:blocks/panel/casing"
	},
	"elements": [
		{
			"name": "group",
			"from": [0, 0, 8],
			"to": [16, 16, 13],
			"faces": {
				"east": {"uv": [0, 8, 2.5, 16], "texture": "#1"},
				"south": {"uv": [0, 8, 8, 16], "texture": "#1"},
				"west": {"uv": [2.5, 8, 0, 16], "texture": "#1"},
				"up": {"uv": [0, 10.5, 8, 8], "texture": "#1"},
				"down": {"uv": [0, 8, 8, 10.5], "texture": "#1"}
			}
		},
		{
			"name": "group",
			"from": [0, 0, 3],
			"to": [16, 16, 8],
			"rotation": {"angle": 0, "axis": "y", "origin": [8, 8, 5.5]},
			"faces": {
				"north": {"uv": [0, 8, 8, 16], "texture": "#1"},
				"east": {"uv": [2.5, 8, 0, 16], "texture": "#1"},
				"west": {"uv": [0, 8, 2.5, 16], "texture": "#1"},
				"up": {"uv": [0, 10.5, 8, 8], "rotation": 180, "texture": "#1"},
				"down": {"uv": [0, 8, 8, 10.5], "rotation": 180, "texture": "#1"}
			}
		},
		{
			"name": "bone",
			"from": [1, 1, 4],
			"to": [15, 15, 12],
			"faces": {
				"north": {"uv": [0.5, 0.5, 7.5, 7.5], "texture": "#1"},
				"east": {"uv": [0.5, 0.5, 4.5, 7.5], "texture": "#1"},
				"south": {"uv": [0.5, 0.5, 7.5, 7.5], "texture": "#1"},
				"west": {"uv": [0.5, 0.5, 4.5, 7.5], "texture": "#1"},
				"up": {"uv": [0.5, 0.5, 7.5, 4.5], "texture": "#1"},
				"down": {"uv": [0.5, 0.5, 7.5, 4.5], "texture": "#1"}
			}
		}
	],
	"display": {
		"thirdperson_righthand": {
			"rotation": [75, 45, 0],
			"translation": [0, 2.5, 0],
			"scale": [0.375, 0.375, 0.375]
		},
		"thirdperson_lefthand": {
			"rotation": [75, 45, 0],
			"translation": [0, 2.5, 0],
			"scale": [0.375, 0.375, 0.375]
		},
		"firstperson_righthand": {
			"rotation": [0, 45, 0],
			"scale": [0.4, 0.4, 0.4]
		},
		"firstperson_lefthand": {
			"rotation": [0, 225, 0],
			"scale": [0.4, 0.4, 0.4]
		},
		"ground": {
			"translation": [0, 3, 0],
			"scale": [0.25, 0.25, 0.25]
		},
		"gui": {
			"rotation": [30, 225, 0],
			"scale": [0.625, 0.625, 0.625]
		},
		"fixed": {
			"scale": [0.5, 0.5, 0.5]
		}
	},
	"groups": [
		{
			"name": "group",
			"origin": [8, 8, 8],
			"color": 0,
			"nbt": "{}",
			"armAnimationEnabled": false,
			"children": [
				{
					"name": "group",
					"origin": [-8, 0, -8],
					"color": 0,
					"nbt": "{}",
					"armAnimationEnabled": false,
					"children": [0, 1]
				},
				{
					"name": "bone",
					"origin": [-8, 0, -8],
					"color": 1,
					"nbt": "{}",
					"armAnimationEnabled": false,
					"children": [2]
				}
			]
		}
	]
}