{
	"credit": "Made with Blockbench",
	"ambientocclusion": false,
	"textures": {
		"0": "RELOADED:blocks/acivation/indicator_line_on",
		"1": "RELOADED:blocks/acivation/indicator_line_on_middle",
		"particle": "RELOADED:blocks/acivation/indicator_line_on"
	},
	"elements": [
		{
			"from": [5, 0.5, 5],
			"to": [11, 0.5, 11],
			"faces": {
				"north": {"uv": [5, 5, 11, 11], "texture": "#1"},
				"east": {"uv": [5, 5, 11, 11], "texture": "#1"},
				"south": {"uv": [5, 5, 11, 11], "texture": "#1"},
				"west": {"uv": [5, 5, 11, 11], "texture": "#1"},
				"up": {"uv": [5, 5, 11, 11], "texture": "#1"},
				"down": {"uv": [5, 5, 11, 11], "texture": "#1"}
			}
		},
		{
			"from": [6, 0.5, 1],
			"to": [10, 0.5, 5],
			"faces": {
				"north": {"uv": [6, 6, 10, 10], "texture": "#0"},
				"east": {"uv": [6, 6, 10, 10], "texture": "#0"},
				"south": {"uv": [6, 6, 10, 10], "texture": "#0"},
				"west": {"uv": [6, 6, 10, 10], "texture": "#0"},
				"up": {"uv": [6, 6, 10, 10], "texture": "#0"},
				"down": {"uv": [10, 6, 6, 10], "texture": "#0"}
			}
		},
		{
			"from": [1, 0.5, 6],
			"to": [5, 0.5, 10],
			"faces": {
				"north": {"uv": [6, 6, 10, 10], "texture": "#0"},
				"east": {"uv": [6, 6, 10, 10], "texture": "#0"},
				"south": {"uv": [6, 6, 10, 10], "texture": "#0"},
				"west": {"uv": [6, 6, 10, 10], "texture": "#0"},
				"up": {"uv": [6, 6, 10, 10], "texture": "#0"},
				"down": {"uv": [10, 6, 6, 10], "texture": "#0"}
			}
		}
	]
}