{
	"credit": "Made with Blockbench",
	"ambientocclusion": false,
	"texture_size": [48, 48],
	"textures": {
		"0": "RELOADED:blocks/lamps/lamp",
		"particle": "RELOADED:blocks/lamps/lamp"
	},
	"elements": [
		{
			"from": [16, 16, 0],
			"to": [16, 32, 16],
			"rotation": {"angle": 0, "axis": "y", "origin": [8, 8, 8]},
			"faces": {
				"north": {"uv": [0, 10.66667, 0, 16], "texture": "#0"},
				"east": {"uv": [0, 10.66667, 5.33333, 16], "texture": "#0"},
				"south": {"uv": [0, 10.66667, 0, 16], "texture": "#0"},
				"west": {"uv": [0, 10.66667, 5.33333, 16], "texture": "#0"},
				"up": {"uv": [0, 10.66667, 5.33333, 10.66667], "rotation": 270, "texture": "#0"},
				"down": {"uv": [0, 10.66667, 5.33333, 10.66667], "rotation": 90, "texture": "#0"}
			}
		},
		{
			"from": [16, 0, 0],
			"to": [16, 16, 16],
			"rotation": {"angle": 0, "axis": "y", "origin": [8, 8, 8]},
			"faces": {
				"north": {"uv": [0, 10.66667, 0, 16], "texture": "#0"},
				"east": {"uv": [0, 10.66667, 5.33333, 16], "texture": "#0"},
				"south": {"uv": [0, 10.66667, 0, 16], "texture": "#0"},
				"west": {"uv": [0, 10.66667, 5.33333, 16], "texture": "#0"},
				"up": {"uv": [0, 10.66667, 5.33333, 10.66667], "rotation": 270, "texture": "#0"},
				"down": {"uv": [0, 10.66667, 5.33333, 10.66667], "rotation": 90, "texture": "#0"}
			}
		},
		{
			"from": [0, 16, 0],
			"to": [8, 32, 0],
			"rotation": {"angle": 0, "axis": "y", "origin": [8, 8, 8]},
			"faces": {
				"north": {"uv": [1.33333, 10.66667, 4, 16], "texture": "#0"},
				"east": {"uv": [1.33333, 10.66667, 1.33333, 16], "texture": "#0"},
				"south": {"uv": [1.33333, 10.66667, 4, 16], "texture": "#0"},
				"west": {"uv": [1.33333, 10.66667, 1.33333, 16], "texture": "#0"},
				"up": {"uv": [1.33333, 10.66667, 4, 10.66667], "rotation": 180, "texture": "#0"},
				"down": {"uv": [1.33333, 10.66667, 4, 10.66667], "rotation": 180, "texture": "#0"}
			}
		},
		{
			"from": [0, 0, 0],
			"to": [8, 16, 0],
			"rotation": {"angle": 0, "axis": "y", "origin": [8, 8, 8]},
			"faces": {
				"north": {"uv": [1.33333, 10.66667, 4, 16], "texture": "#0"},
				"east": {"uv": [1.33333, 10.66667, 1.33333, 16], "texture": "#0"},
				"south": {"uv": [1.33333, 10.66667, 4, 16], "texture": "#0"},
				"west": {"uv": [1.33333, 10.66667, 1.33333, 16], "texture": "#0"},
				"up": {"uv": [1.33333, 10.66667, 4, 10.66667], "rotation": 180, "texture": "#0"},
				"down": {"uv": [1.33333, 10.66667, 4, 10.66667], "rotation": 180, "texture": "#0"}
			}
		},
		{
			"from": [0, 16, 16],
			"to": [16, 32, 16],
			"faces": {
				"north": {"uv": [0, 10.66667, 5.33333, 16], "texture": "#0"},
				"east": {"uv": [0, 10.66667, 0, 16], "texture": "#0"},
				"south": {"uv": [0, 10.66667, 5.33333, 16], "texture": "#0"},
				"west": {"uv": [0, 10.66667, 0, 16], "texture": "#0"},
				"up": {"uv": [0, 10.66667, 5.33333, 10.66667], "texture": "#0"},
				"down": {"uv": [0, 10.66667, 5.33333, 10.66667], "texture": "#0"}
			}
		},
		{
			"from": [0, 0, 16],
			"to": [16, 16, 16],
			"faces": {
				"north": {"uv": [0, 10.66667, 5.33333, 16], "texture": "#0"},
				"east": {"uv": [0, 10.66667, 0, 16], "texture": "#0"},
				"south": {"uv": [0, 10.66667, 5.33333, 16], "texture": "#0"},
				"west": {"uv": [0, 10.66667, 0, 16], "texture": "#0"},
				"up": {"uv": [0, 10.66667, 5.33333, 10.66667], "texture": "#0"},
				"down": {"uv": [0, 10.66667, 5.33333, 10.66667], "texture": "#0"}
			}
		},
		{
			"from": [0, 16, 0],
			"to": [0, 32, 16],
			"rotation": {"angle": 0, "axis": "y", "origin": [8, 8, 8]},
			"faces": {
				"north": {"uv": [0, 10.66667, 0, 16], "texture": "#0"},
				"east": {"uv": [0, 10.66667, 5.33333, 16], "texture": "#0"},
				"south": {"uv": [0, 10.66667, 0, 16], "texture": "#0"},
				"west": {"uv": [0, 10.66667, 5.33333, 16], "texture": "#0"},
				"up": {"uv": [0, 10.66667, 5.33333, 10.66667], "rotation": 90, "texture": "#0"},
				"down": {"uv": [0, 10.66667, 5.33333, 10.66667], "rotation": 270, "texture": "#0"}
			}
		},
		{
			"from": [0, 0, 0],
			"to": [0, 16, 16],
			"rotation": {"angle": 0, "axis": "y", "origin": [8, 8, 8]},
			"faces": {
				"north": {"uv": [0, 10.66667, 0, 16], "texture": "#0"},
				"east": {"uv": [0, 10.66667, 5.33333, 16], "texture": "#0"},
				"south": {"uv": [0, 10.66667, 0, 16], "texture": "#0"},
				"west": {"uv": [0, 10.66667, 5.33333, 16], "texture": "#0"},
				"up": {"uv": [0, 10.66667, 5.33333, 10.66667], "rotation": 90, "texture": "#0"},
				"down": {"uv": [0, 10.66667, 5.33333, 10.66667], "rotation": 270, "texture": "#0"}
			}
		},
		{
			"from": [8, 0, 1.25],
			"to": [16, 32, 1.25],
			"faces": {
				"north": {"uv": [5.33334, 0, 8, 10.66667], "texture": "#0"},
				"east": {"uv": [5.33334, 0, 5.33334, 10.66667], "texture": "#0"},
				"south": {"uv": [5.33334, 0, 8, 10.66667], "texture": "#0"},
				"west": {"uv": [5.33334, 0, 5.33334, 10.66667], "texture": "#0"},
				"up": {"uv": [5.33334, 0, 8, 0], "texture": "#0"},
				"down": {"uv": [5.33334, 0, 8, 0], "texture": "#0"}
			}
		},
		{
			"from": [0, 0, 0.25],
			"to": [16, 32, 0.25],
			"faces": {
				"north": {"uv": [0, 0, 5.33334, 10.66667], "texture": "#0"},
				"east": {"uv": [0, 0, 0, 10.66667], "texture": "#0"},
				"south": {"uv": [0, 0, 5.33334, 10.66667], "texture": "#0"},
				"west": {"uv": [0, 0, 0, 10.66667], "texture": "#0"},
				"up": {"uv": [0, 0, 5.33334, 0], "texture": "#0"},
				"down": {"uv": [0, 0, 5.33334, 0], "texture": "#0"}
			}
		},
		{
			"from": [0, 0, 0],
			"to": [16, 0, 16],
			"faces": {
				"north": {"uv": [10.66667, 5.33333, 16, 5.33333], "texture": "#0"},
				"east": {"uv": [10.66667, 5.33333, 16, 5.33333], "texture": "#0"},
				"south": {"uv": [10.66667, 5.33333, 16, 5.33333], "texture": "#0"},
				"west": {"uv": [10.66667, 5.33333, 16, 5.33333], "texture": "#0"},
				"up": {"uv": [10.66667, 5.33333, 16, 10.66667], "texture": "#0"},
				"down": {"uv": [10.66667, 5.33333, 16, 10.66667], "texture": "#0"}
			}
		},
		{
			"from": [0, 32, 0],
			"to": [16, 32, 16],
			"faces": {
				"north": {"uv": [10.66667, 5.33333, 16, 5.33333], "texture": "#0"},
				"east": {"uv": [10.66667, 5.33333, 16, 5.33333], "texture": "#0"},
				"south": {"uv": [10.66667, 5.33333, 16, 5.33333], "texture": "#0"},
				"west": {"uv": [10.66667, 5.33333, 16, 5.33333], "texture": "#0"},
				"up": {"uv": [10.66667, 5.33333, 16, 10.66667], "texture": "#0"},
				"down": {"uv": [10.66667, 5.33333, 16, 10.66667], "texture": "#0"}
			}
		},
		{
			"from": [0, 16, 3],
			"to": [16, 32, 3],
			"rotation": {"angle": 0, "axis": "y", "origin": [8, 8, 8]},
			"faces": {
				"north": {"uv": [0, 10.66667, 5.33333, 16], "texture": "#0"},
				"east": {"uv": [0, 10.66667, 0, 16], "texture": "#0"},
				"south": {"uv": [0, 10.66667, 5.33333, 16], "texture": "#0"},
				"west": {"uv": [0, 10.66667, 0, 16], "texture": "#0"},
				"up": {"uv": [0, 10.66667, 5.33333, 10.66667], "rotation": 180, "texture": "#0"},
				"down": {"uv": [0, 10.66667, 5.33333, 10.66667], "rotation": 180, "texture": "#0"}
			}
		},
		{
			"from": [0, 0, 3],
			"to": [16, 16, 3],
			"rotation": {"angle": 0, "axis": "y", "origin": [8, 8, 8]},
			"faces": {
				"north": {"uv": [0, 10.66667, 5.33333, 16], "texture": "#0"},
				"east": {"uv": [0, 10.66667, 0, 16], "texture": "#0"},
				"south": {"uv": [0, 10.66667, 5.33333, 16], "texture": "#0"},
				"west": {"uv": [0, 10.66667, 0, 16], "texture": "#0"},
				"up": {"uv": [0, 10.66667, 5.33333, 10.66667], "rotation": 180, "texture": "#0"},
				"down": {"uv": [0, 10.66667, 5.33333, 10.66667], "rotation": 180, "texture": "#0"}
			}
		}
	],
	"display": {
		"thirdperson_righthand": {
			"rotation": [75, 45, 0],
			"translation": [0, 2.5, 0],
			"scale": [0.375, 0.375, 0.375]
		},
		"thirdperson_lefthand": {
			"rotation": [75, 45, 0],
			"translation": [0, 2.5, 0],
			"scale": [0.375, 0.375, 0.375]
		},
		"firstperson_righthand": {
			"rotation": [0, 45, 0],
			"scale": [0.4, 0.4, 0.4]
		},
		"firstperson_lefthand": {
			"rotation": [0, 225, 0],
			"scale": [0.4, 0.4, 0.4]
		},
		"ground": {
			"translation": [0, 3, 0],
			"scale": [0.25, 0.25, 0.25]
		},
		"gui": {
			"rotation": [30, 225, 0],
			"scale": [0.625, 0.625, 0.625]
		},
		"fixed": {
			"scale": [0.5, 0.5, 0.5]
		}
	},
	"groups": [
		{
			"name": "group",
			"origin": [8, 8, 8],
			"color": 0,
			"nbt": "{}",
			"armAnimationEnabled": false,
			"children": [
				{
					"name": "group",
					"origin": [0, 0, 0],
					"color": 0,
					"nbt": "{}",
					"armAnimationEnabled": false,
					"children": [0, 1]
				},
				{
					"name": "group",
					"origin": [0, 0, 0],
					"color": 0,
					"nbt": "{}",
					"armAnimationEnabled": false,
					"children": [2, 3]
				},
				{
					"name": "group",
					"origin": [0, 0, 0],
					"color": 0,
					"nbt": "{}",
					"armAnimationEnabled": false,
					"children": [4, 5]
				},
				{
					"name": "group",
					"origin": [0, 0, 0],
					"color": 0,
					"nbt": "{}",
					"armAnimationEnabled": false,
					"children": [6, 7]
				},
				8,
				9,
				10,
				11,
				{
					"name": "group",
					"origin": [0, 0, 0],
					"color": 0,
					"nbt": "{}",
					"armAnimationEnabled": false,
					"children": [12, 13]
				}
			]
		}
	]
}