{
	"credit": "Made with Blockbench",
	"texture_size": [32, 32],
	"textures": {
		"0": "casing"
	},
	"elements": [
		{
			"name": "group",
			"from": [0, 0, 1.01],
			"to": [16, 16, 1.01],
			"faces": {
				"north": {"uv": [0, 8, 8, 16], "texture": "#0"},
				"east": {"uv": [0, 8, 5, 16], "texture": "#0"},
				"south": {"uv": [0, 8, 8, 16], "texture": "#0"},
				"west": {"uv": [0, 8, 5, 16], "texture": "#0"},
				"up": {"uv": [0, 8, 8, 13], "texture": "#0"},
				"down": {"uv": [0, 8, 8, 13], "texture": "#0"}
			}
		},
		{
			"name": "group",
			"from": [0, 0, 2.01],
			"to": [16, 16, 2.01],
			"faces": {
				"north": {"uv": [0, 8, 8, 16], "texture": "#0"},
				"east": {"uv": [0, 8, 5, 16], "texture": "#0"},
				"south": {"uv": [0, 8, 8, 16], "texture": "#0"},
				"west": {"uv": [0, 8, 5, 16], "texture": "#0"},
				"up": {"uv": [0, 8, 8, 13], "texture": "#0"},
				"down": {"uv": [0, 8, 8, 13], "texture": "#0"}
			}
		},
		{
			"name": "group",
			"from": [0, 0, 13.99],
			"to": [16, 16, 13.99],
			"faces": {
				"north": {"uv": [0, 8, 8, 16], "texture": "#0"},
				"east": {"uv": [0, 8, 5, 16], "texture": "#0"},
				"south": {"uv": [0, 8, 8, 16], "texture": "#0"},
				"west": {"uv": [0, 8, 5, 16], "texture": "#0"},
				"up": {"uv": [0, 8, 8, 13], "texture": "#0"},
				"down": {"uv": [0, 8, 8, 13], "texture": "#0"}
			}
		},
		{
			"name": "group",
			"from": [0, 0, 14.99],
			"to": [16, 16, 14.99],
			"faces": {
				"north": {"uv": [0, 8, 8, 16], "texture": "#0"},
				"east": {"uv": [0, 8, 5, 16], "texture": "#0"},
				"south": {"uv": [0, 8, 8, 16], "texture": "#0"},
				"west": {"uv": [0, 8, 5, 16], "texture": "#0"},
				"up": {"uv": [0, 8, 8, 13], "texture": "#0"},
				"down": {"uv": [0, 8, 8, 13], "texture": "#0"}
			}
		}
	],
	"display": {
		"thirdperson_righthand": {
			"rotation": [75, 45, 0],
			"translation": [0, 2.5, 0],
			"scale": [0.375, 0.375, 0.375]
		},
		"thirdperson_lefthand": {
			"rotation": [75, 45, 0],
			"translation": [0, 2.5, 0],
			"scale": [0.375, 0.375, 0.375]
		},
		"firstperson_righthand": {
			"rotation": [0, 45, 0],
			"scale": [0.4, 0.4, 0.4]
		},
		"firstperson_lefthand": {
			"rotation": [0, 225, 0],
			"scale": [0.4, 0.4, 0.4]
		},
		"ground": {
			"translation": [0, 3, 0],
			"scale": [0.25, 0.25, 0.25]
		},
		"gui": {
			"rotation": [30, 225, 0],
			"scale": [0.625, 0.625, 0.625]
		},
		"fixed": {
			"scale": [0.5, 0.5, 0.5]
		}
	},
	"groups": [
		{
			"name": "group",
			"origin": [-8, 0, -8],
			"color": 0,
			"nbt": "{}",
			"armAnimationEnabled": false,
			"children": [0, 1, 2, 3]
		}
	]
}