{
	"credit": "Made with Blockbench",
	"ambientocclusion": false,
	"texture_size": [32, 32],
	"textures": {
		"0": "RELOADED:blocks/pipe",
		"1": "RELOADED:blocks/support_block",
		"particle": "RELOADED:blocks/pipe"
	},
	"elements": [
		{
			"from": [3, 0, 3],
			"to": [13, 16, 13],
			"faces": {
				"north": {"uv": [4, 0, 12, 16], "texture": "#0"},
				"east": {"uv": [4, 0, 12, 16], "texture": "#0"},
				"south": {"uv": [4, 0, 12, 16], "texture": "#0"},
				"west": {"uv": [4, 0, 12, 16], "texture": "#0"},
				"up": {"uv": [4, 0, 12, 16], "texture": "#0"},
				"down": {"uv": [1.5, 9.5, 6.5, 14.5], "texture": "#1"}
			}
		},
		{
			"from": [2, 14.5, 2],
			"to": [8, 17.5, 8],
			"faces": {
				"north": {"uv": [13, 9.5, 16, 11], "texture": "#1"},
				"east": {"uv": [8, 9.5, 11, 11], "texture": "#1"},
				"south": {"uv": [8, 9.5, 11, 11], "texture": "#1"},
				"west": {"uv": [8, 9.5, 11, 11], "texture": "#1"},
				"up": {"uv": [0, 8, 3, 11], "texture": "#1"},
				"down": {"uv": [0, 11, 3, 8], "texture": "#1"}
			}
		},
		{
			"from": [2, 14.5, 8],
			"to": [8, 17.5, 14],
			"faces": {
				"north": {"uv": [13, 9.5, 16, 11], "texture": "#1"},
				"east": {"uv": [8, 9.5, 11, 11], "texture": "#1"},
				"south": {"uv": [8, 9.5, 11, 11], "texture": "#1"},
				"west": {"uv": [13, 9.5, 16, 11], "texture": "#1"},
				"up": {"uv": [0, 13, 3, 16], "texture": "#1"},
				"down": {"uv": [0, 16, 3, 13], "texture": "#1"}
			}
		},
		{
			"from": [8, 14.5, 8],
			"to": [14, 17.5, 14],
			"faces": {
				"north": {"uv": [13, 9.5, 16, 11], "texture": "#1"},
				"east": {"uv": [8, 9.5, 11, 11], "texture": "#1"},
				"south": {"uv": [13, 9.5, 16, 11], "texture": "#1"},
				"west": {"uv": [13, 9.5, 16, 11], "texture": "#1"},
				"up": {"uv": [5, 13, 8, 16], "texture": "#1"},
				"down": {"uv": [5, 16, 8, 13], "texture": "#1"}
			}
		},
		{
			"from": [8, 14.5, 2],
			"to": [14, 17.5, 8],
			"faces": {
				"north": {"uv": [8, 9.5, 11, 11], "texture": "#1"},
				"east": {"uv": [13, 9.5, 16, 11], "texture": "#1"},
				"south": {"uv": [13, 9.5, 16, 11], "texture": "#1"},
				"west": {"uv": [13, 9.5, 16, 11], "texture": "#1"},
				"up": {"uv": [5, 8, 8, 11], "texture": "#1"},
				"down": {"uv": [5, 11, 8, 8], "texture": "#1"}
			}
		}
	],
	"display": {
		"thirdperson_righthand": {
			"rotation": [75, 45, 0],
			"translation": [0, 2.5, 0],
			"scale": [0.375, 0.375, 0.375]
		},
		"thirdperson_lefthand": {
			"rotation": [75, 45, 0],
			"translation": [0, 2.5, 0],
			"scale": [0.375, 0.375, 0.375]
		},
		"firstperson_righthand": {
			"rotation": [0, 45, 0],
			"scale": [0.4, 0.4, 0.4]
		},
		"firstperson_lefthand": {
			"rotation": [0, 225, 0],
			"scale": [0.4, 0.4, 0.4]
		},
		"ground": {
			"translation": [0, 3, 0],
			"scale": [0.25, 0.25, 0.25]
		},
		"gui": {
			"rotation": [30, 225, 0],
			"scale": [0.625, 0.625, 0.625]
		},
		"fixed": {
			"scale": [0.5, 0.5, 0.5]
		}
	},
	"groups": [
		0,
		{
			"name": "group",
			"origin": [0, 0, 0],
			"color": 0,
			"nbt": "{}",
			"armAnimationEnabled": false,
			"children": [1, 2, 3, 4]
		}
	]
}