{
  "variants": {
    "facing=north": {
      "model": "reloaded:block/panel_with_white"
    },
    "facing=east": {
      "model": "reloaded:block/panel_with_white",
      "y": 90
    },
    "facing=south": {
      "model": "reloaded:block/panel_with_white",
      "y": 180
    },
    "facing=west": {
      "model": "reloaded:block/panel_with_white",
      "y": 270
    },
    "facing=up": {
      "model": "reloaded:block/panel_with_white",
      "x": 270
    },
    "facing=down": {
      "model": "reloaded:block/panel_with_white",
      "x": 90
    }
  }
}