{
	"credit": "Made with Blockbench",
	"ambientocclusion": false,
	"texture_size": [48, 48],
	"textures": {
		"0": "RELOADED:blocks/acivation/button",
		"particle": "RELOADED:blocks/acivation/button"
	},
	"elements": [
		{
			"from": [-3, 0, -3],
			"to": [0, 3, 19],
			"faces": {
				"north": {"uv": [0, 7.33333, 1, 8.33333], "texture": "#0"},
				"east": {"uv": [0, 7.33333, 7.33333, 8.33333], "texture": "#0"},
				"south": {"uv": [0, 7.33333, 1, 8.33333], "texture": "#0"},
				"west": {"uv": [0, 7.33333, 7.33333, 8.33333], "texture": "#0"},
				"up": {"uv": [0, 0, 1, 7.33333], "texture": "#0"},
				"down": {"uv": [0, 8, 7.33333, 8.33333], "rotation": 90, "texture": "#0"}
			}
		},
		{
			"from": [16, 0, -3],
			"to": [19, 3, 19],
			"faces": {
				"north": {"uv": [0, 7.33333, 1, 8.33333], "texture": "#0"},
				"east": {"uv": [0, 7.33333, 7.33333, 8.33333], "texture": "#0"},
				"south": {"uv": [0, 7.33333, 1, 8.33333], "texture": "#0"},
				"west": {"uv": [0, 7.33333, 7.33333, 8.33333], "texture": "#0"},
				"up": {"uv": [6.33333, 0, 7.33333, 7.33333], "texture": "#0"},
				"down": {"uv": [0, 8, 7.33333, 8.33333], "rotation": 90, "texture": "#0"}
			}
		},
		{
			"from": [-3, 0, -3],
			"to": [19, 3, 0],
			"faces": {
				"north": {"uv": [0, 7.33333, 7.33333, 8.33333], "texture": "#0"},
				"east": {"uv": [0, 7.33333, 1, 8.33333], "texture": "#0"},
				"south": {"uv": [0, 7.33333, 7.33333, 8.33333], "texture": "#0"},
				"west": {"uv": [0, 7.33333, 1, 8.33333], "texture": "#0"},
				"up": {"uv": [0, 0, 7.33333, 1], "texture": "#0"},
				"down": {"uv": [0, 8, 7.33333, 8.33333], "texture": "#0"}
			}
		},
		{
			"from": [-3, 0, 16],
			"to": [19, 3, 19],
			"faces": {
				"north": {"uv": [0, 7.33333, 7.33333, 8.33333], "texture": "#0"},
				"east": {"uv": [0, 7.33333, 1, 8.33333], "texture": "#0"},
				"south": {"uv": [0, 7.33333, 7.33333, 8.33333], "texture": "#0"},
				"west": {"uv": [0, 7.33333, 1, 8.33333], "texture": "#0"},
				"up": {"uv": [0, 6.33333, 7.33333, 7.33333], "texture": "#0"},
				"down": {"uv": [0, 8, 7.33333, 8.33333], "texture": "#0"}
			}
		},
		{
			"from": [0, 4, 0],
			"to": [16, 5, 16],
			"faces": {
				"north": {"uv": [7.33333, 5.33333, 12.66667, 5.66667], "texture": "#0"},
				"east": {"uv": [7.33333, 5.33333, 12.66667, 5.66667], "texture": "#0"},
				"south": {"uv": [7.33333, 5.33333, 12.66667, 5.66667], "texture": "#0"},
				"west": {"uv": [7.33333, 5.33333, 12.66667, 5.66667], "texture": "#0"},
				"up": {"uv": [7.33333, 0, 12.66667, 5.33333], "texture": "#0"},
				"down": {"uv": [7.33333, 0, 12.66667, 5.33333], "texture": "#0"}
			}
		},
		{
			"from": [3, 0, 3],
			"to": [13, 4, 13],
			"faces": {
				"north": {"uv": [0, 13.33333, 3.33333, 14.66667], "texture": "#0"},
				"east": {"uv": [0, 13.33333, 3.33333, 14.66667], "texture": "#0"},
				"south": {"uv": [0, 13.33333, 3.33333, 14.66667], "texture": "#0"},
				"west": {"uv": [0, 13.33333, 3.33333, 14.66667], "texture": "#0"},
				"up": {"uv": [0, 10.33333, 3.33333, 13.66667], "texture": "#0"},
				"down": {"uv": [0, 10.33333, 3.33333, 13.66667], "texture": "#0"}
			}
		},
		{
			"from": [5, 0, 19],
			"to": [11, 1, 25],
			"rotation": {"angle": 0, "axis": "y", "origin": [8, 8, 8]},
			"faces": {
				"north": {"uv": [1.33333, 8.33333, 3.33333, 8.66667], "texture": "#0"},
				"east": {"uv": [1.33333, 10.33333, 1.66667, 8.33333], "rotation": 270, "texture": "#0"},
				"south": {"uv": [1.33333, 10, 3.33333, 10.33333], "rotation": 180, "texture": "#0"},
				"west": {"uv": [1.33333, 8.33333, 1.66667, 10.33333], "rotation": 270, "texture": "#0"},
				"up": {"uv": [1.33333, 8.33333, 3.33333, 10.33333], "texture": "#0"},
				"down": {"uv": [1.33333, 10.33333, 3.33333, 8.33333], "texture": "#0"}
			}
		},
		{
			"from": [6, 6.5552, 18.38685],
			"to": [10, 8.5552, 24.38685],
			"rotation": {"angle": 22.5, "axis": "x", "origin": [8, 8, 8]},
			"faces": {
				"north": {"uv": [0, 8.33333, 1.33333, 9], "texture": "#0"},
				"east": {"uv": [0, 10.33333, 0.66667, 8.33333], "rotation": 270, "texture": "#0"},
				"south": {"uv": [0, 9.66667, 1.33333, 10.33333], "rotation": 180, "texture": "#0"},
				"west": {"uv": [0, 8.33333, 0.66667, 10.33333], "rotation": 270, "texture": "#0"},
				"up": {"uv": [0, 8.33333, 1.33333, 10.33333], "texture": "#0"},
				"down": {"uv": [0, 10.33333, 1.33333, 8.33333], "texture": "#0"}
			}
		},
		{
			"from": [-9, 0, 5],
			"to": [-3, 1, 11],
			"rotation": {"angle": 0, "axis": "y", "origin": [8, 8, 8]},
			"faces": {
				"north": {"uv": [1.33333, 8.33333, 1.66667, 10.33333], "rotation": 270, "texture": "#0"},
				"east": {"uv": [1.33333, 8.33333, 3.33333, 8.66667], "texture": "#0"},
				"south": {"uv": [1.33333, 10.33333, 1.66667, 8.33333], "rotation": 270, "texture": "#0"},
				"west": {"uv": [1.33333, 10, 3.33333, 10.33333], "rotation": 180, "texture": "#0"},
				"up": {"uv": [1.33333, 8.33333, 3.33333, 10.33333], "rotation": 90, "texture": "#0"},
				"down": {"uv": [1.33333, 10.33333, 3.33333, 8.33333], "rotation": 270, "texture": "#0"}
			}
		},
		{
			"from": [-8.38685, 6.5552, 6],
			"to": [-2.38685, 8.5552, 10],
			"rotation": {"angle": 22.5, "axis": "z", "origin": [8, 8, 8]},
			"faces": {
				"north": {"uv": [0, 8.33333, 0.66667, 10.33333], "rotation": 270, "texture": "#0"},
				"east": {"uv": [0, 8.33333, 1.33333, 9], "texture": "#0"},
				"south": {"uv": [0, 10.33333, 0.66667, 8.33333], "rotation": 270, "texture": "#0"},
				"west": {"uv": [0, 9.66667, 1.33333, 10.33333], "rotation": 180, "texture": "#0"},
				"up": {"uv": [0, 8.33333, 1.33333, 10.33333], "rotation": 90, "texture": "#0"},
				"down": {"uv": [0, 10.33333, 1.33333, 8.33333], "rotation": 270, "texture": "#0"}
			}
		},
		{
			"from": [19, 0, 5],
			"to": [25, 1, 11],
			"rotation": {"angle": 0, "axis": "y", "origin": [8, 8, 8]},
			"faces": {
				"north": {"uv": [1.33333, 10.33333, 1.66667, 8.33333], "rotation": 270, "texture": "#0"},
				"east": {"uv": [1.33333, 10, 3.33333, 10.33333], "rotation": 180, "texture": "#0"},
				"south": {"uv": [1.33333, 8.33333, 1.66667, 10.33333], "rotation": 270, "texture": "#0"},
				"west": {"uv": [1.33333, 8.33333, 3.33333, 8.66667], "texture": "#0"},
				"up": {"uv": [1.33333, 8.33333, 3.33333, 10.33333], "rotation": 270, "texture": "#0"},
				"down": {"uv": [1.33333, 10.33333, 3.33333, 8.33333], "rotation": 90, "texture": "#0"}
			}
		},
		{
			"from": [18.38685, 6.5552, 6],
			"to": [24.38685, 8.5552, 10],
			"rotation": {"angle": -22.5, "axis": "z", "origin": [8, 8, 8]},
			"faces": {
				"north": {"uv": [0, 10.33333, 0.66667, 8.33333], "rotation": 270, "texture": "#0"},
				"east": {"uv": [0, 9.66667, 1.33333, 10.33333], "rotation": 180, "texture": "#0"},
				"south": {"uv": [0, 8.33333, 0.66667, 10.33333], "rotation": 270, "texture": "#0"},
				"west": {"uv": [0, 8.33333, 1.33333, 9], "texture": "#0"},
				"up": {"uv": [0, 8.33333, 1.33333, 10.33333], "rotation": 270, "texture": "#0"},
				"down": {"uv": [0, 10.33333, 1.33333, 8.33333], "rotation": 90, "texture": "#0"}
			}
		},
		{
			"from": [5, 0, -9],
			"to": [11, 1, -3],
			"rotation": {"angle": 0, "axis": "y", "origin": [8, 8, 8]},
			"faces": {
				"north": {"uv": [1.33333, 10, 3.33333, 10.33333], "rotation": 180, "texture": "#0"},
				"east": {"uv": [1.33333, 8.33333, 1.66667, 10.33333], "rotation": 270, "texture": "#0"},
				"south": {"uv": [1.33333, 8.33333, 3.33333, 8.66667], "texture": "#0"},
				"west": {"uv": [1.33333, 10.33333, 1.66667, 8.33333], "rotation": 270, "texture": "#0"},
				"up": {"uv": [1.33333, 8.33333, 3.33333, 10.33333], "rotation": 180, "texture": "#0"},
				"down": {"uv": [1.33333, 10.33333, 3.33333, 8.33333], "rotation": 180, "texture": "#0"}
			}
		},
		{
			"from": [6, 6.5552, -8.38685],
			"to": [10, 8.5552, -2.38685],
			"rotation": {"angle": -22.5, "axis": "x", "origin": [8, 8, 8]},
			"faces": {
				"north": {"uv": [0, 9.66667, 1.33333, 10.33333], "rotation": 180, "texture": "#0"},
				"east": {"uv": [0, 8.33333, 0.66667, 10.33333], "rotation": 270, "texture": "#0"},
				"south": {"uv": [0, 8.33333, 1.33333, 9], "texture": "#0"},
				"west": {"uv": [0, 10.33333, 0.66667, 8.33333], "rotation": 270, "texture": "#0"},
				"up": {"uv": [0, 8.33333, 1.33333, 10.33333], "rotation": 180, "texture": "#0"},
				"down": {"uv": [0, 10.33333, 1.33333, 8.33333], "rotation": 180, "texture": "#0"}
			}
		}
	],
	"display": {
		"thirdperson_righthand": {
			"rotation": [75, 45, 0],
			"translation": [0, 2.5, 0],
			"scale": [0.375, 0.375, 0.375]
		},
		"thirdperson_lefthand": {
			"rotation": [75, 45, 0],
			"translation": [0, 2.5, 0],
			"scale": [0.375, 0.375, 0.375]
		},
		"firstperson_righthand": {
			"rotation": [0, 45, 0],
			"scale": [0.4, 0.4, 0.4]
		},
		"firstperson_lefthand": {
			"rotation": [0, 225, 0],
			"scale": [0.4, 0.4, 0.4]
		},
		"ground": {
			"translation": [0, 3, 0],
			"scale": [0.25, 0.25, 0.25]
		},
		"gui": {
			"rotation": [30, 225, 0],
			"scale": [0.625, 0.625, 0.625]
		},
		"fixed": {
			"scale": [0.5, 0.5, 0.5]
		}
	},
	"groups": [
		0,
		1,
		2,
		3,
		4,
		5,
		{
			"name": "group",
			"origin": [8, 5, 18],
			"color": 0,
			"nbt": "{}",
			"armAnimationEnabled": false,
			"children": [6, 7]
		},
		{
			"name": "group",
			"origin": [8, 5, 18],
			"color": 0,
			"nbt": "{}",
			"armAnimationEnabled": false,
			"children": [8, 9]
		},
		{
			"name": "group",
			"origin": [8, 5, 18],
			"color": 0,
			"nbt": "{}",
			"armAnimationEnabled": false,
			"children": [10, 11]
		},
		{
			"name": "group",
			"origin": [8, 5, 18],
			"color": 0,
			"nbt": "{}",
			"armAnimationEnabled": false,
			"children": [12, 13]
		}
	]
}