{
	"credit": "Made with Blockbench",
	"ambientocclusion": false,
	"texture_size": [32, 32],
	"textures": {
		"0": "RELOADED:blocks/catwalk",
		"1": "RELOADED:blocks/catwalk_2",
		"particle": "RELOADED:blocks/catwalk"
	},
	"elements": [
		{
			"from": [0, 13, 8],
			"to": [16, 16, 16],
			"faces": {
				"north": {"uv": [8, 0, 16, 1.5], "texture": "#0"},
				"east": {"uv": [16, 0, 12, 1.5], "texture": "#0"},
				"south": {"uv": [8, 0, 16, 1.5], "texture": "#0"},
				"west": {"uv": [12, 0, 16, 1.5], "texture": "#0"},
				"up": {"uv": [0, 4, 8, 0], "texture": "#0"},
				"down": {"uv": [0, 0, 8, 4], "texture": "#0"}
			}
		},
		{
			"from": [0, 5, 0],
			"to": [16, 8, 8],
			"faces": {
				"north": {"uv": [8, 0, 16, 1.5], "texture": "#0"},
				"east": {"uv": [12, 0, 8, 1.5], "texture": "#0"},
				"south": {"uv": [8, 0, 16, 1.5], "texture": "#0"},
				"west": {"uv": [8, 0, 12, 1.5], "texture": "#0"},
				"up": {"uv": [0, 8, 8, 4], "texture": "#0"},
				"down": {"uv": [0, 4, 8, 8], "texture": "#0"}
			}
		},
		{
			"from": [1, -1, -1.5],
			"to": [1, 9, 1.5],
			"rotation": {"angle": 45, "axis": "x", "origin": [0, 0, 0]},
			"faces": {
				"north": {"uv": [8, 11, 8, 16], "texture": "#0"},
				"east": {"uv": [8, 11, 9.5, 16], "texture": "#0"},
				"south": {"uv": [8, 11, 8, 16], "texture": "#0"},
				"west": {"uv": [8, 11, 9.5, 16], "texture": "#0"},
				"up": {"uv": [8, 11.5, 8, 13], "texture": "#0"},
				"down": {"uv": [8, 11.5, 8, 13], "texture": "#0"}
			}
		},
		{
			"from": [1, 9, -1.5],
			"to": [1, 23, 1.5],
			"rotation": {"angle": 45, "axis": "x", "origin": [0, 0, 0]},
			"faces": {
				"north": {"uv": [8, 8, 8, 15], "texture": "#0"},
				"east": {"uv": [8, 8, 9.5, 15], "texture": "#0"},
				"south": {"uv": [8, 8, 8, 15], "texture": "#0"},
				"west": {"uv": [8, 8, 9.5, 15], "texture": "#0"},
				"up": {"uv": [8, 8.5, 8, 10], "texture": "#0"},
				"down": {"uv": [8, 8.5, 8, 10], "texture": "#0"}
			}
		},
		{
			"from": [15, -1, -1.5],
			"to": [15, 9, 1.5],
			"rotation": {"angle": 45, "axis": "x", "origin": [0, 0, 0]},
			"faces": {
				"north": {"uv": [8, 11, 8, 16], "texture": "#0"},
				"east": {"uv": [8, 11, 9.5, 16], "texture": "#0"},
				"south": {"uv": [8, 11, 8, 16], "texture": "#0"},
				"west": {"uv": [8, 11, 9.5, 16], "texture": "#0"},
				"up": {"uv": [8, 11.5, 8, 13], "texture": "#0"},
				"down": {"uv": [8, 11.5, 8, 13], "texture": "#0"}
			}
		},
		{
			"from": [15, 9, -1.5],
			"to": [15, 23, 1.5],
			"rotation": {"angle": 45, "axis": "x", "origin": [0, 0, 0]},
			"faces": {
				"north": {"uv": [8, 8, 8, 15], "texture": "#0"},
				"east": {"uv": [8, 8, 9.5, 15], "texture": "#0"},
				"south": {"uv": [8, 8, 8, 15], "texture": "#0"},
				"west": {"uv": [8, 8, 9.5, 15], "texture": "#0"},
				"up": {"uv": [8, 8.5, 8, 10], "texture": "#0"},
				"down": {"uv": [8, 8.5, 8, 10], "texture": "#0"}
			}
		},
		{
			"from": [1, 8, 2],
			"to": [1, 19, 5],
			"faces": {
				"north": {"uv": [0, 1, 0, 6.5], "texture": "#1"},
				"east": {"uv": [0, 1, 1.5, 6.5], "texture": "#1"},
				"south": {"uv": [0, 1, 0, 6.5], "texture": "#1"},
				"west": {"uv": [0, 1, 1.5, 6.5], "texture": "#1"},
				"up": {"uv": [0, 1, 0, 2.5], "texture": "#1"},
				"down": {"uv": [0, 1, 0, 2.5], "texture": "#1"}
			}
		},
		{
			"from": [1, 16, 10],
			"to": [1, 27, 13],
			"faces": {
				"north": {"uv": [0, 1, 0, 6.5], "texture": "#1"},
				"east": {"uv": [0, 1, 1.5, 6.5], "texture": "#1"},
				"south": {"uv": [0, 1, 0, 6.5], "texture": "#1"},
				"west": {"uv": [0, 1, 1.5, 6.5], "texture": "#1"},
				"up": {"uv": [0, 1, 0, 2.5], "texture": "#1"},
				"down": {"uv": [0, 1, 0, 2.5], "texture": "#1"}
			}
		},
		{
			"from": [0.99, 15.99, 7.99],
			"to": [1.01, 17.01, 16.01],
			"faces": {
				"north": {"uv": [0, 6.5, 0, 7], "texture": "#1"},
				"east": {"uv": [0, 6.5, 4, 7], "texture": "#1"},
				"south": {"uv": [0, 6.5, 0, 7], "texture": "#1"},
				"west": {"uv": [4, 6.5, 0, 7], "texture": "#1"},
				"up": {"uv": [0, 6.5, 0, 10.5], "texture": "#1"},
				"down": {"uv": [0, 6.5, 0, 10.5], "texture": "#1"}
			}
		},
		{
			"from": [0.99, 7.99, -0.01],
			"to": [1.01, 9.01, 8.01],
			"faces": {
				"north": {"uv": [0, 6.5, 0, 7], "texture": "#1"},
				"east": {"uv": [0, 6.5, 4, 7], "texture": "#1"},
				"south": {"uv": [0, 6.5, 0, 7], "texture": "#1"},
				"west": {"uv": [4, 6.5, 0, 7], "texture": "#1"},
				"up": {"uv": [0, 6.5, 0, 10.5], "texture": "#1"},
				"down": {"uv": [0, 6.5, 0, 10.5], "texture": "#1"}
			}
		},
		{
			"from": [0.99, 23.24, -7.01],
			"to": [1.01, 25.26, 12.01],
			"rotation": {"angle": -45, "axis": "x", "origin": [0, 27, 7.5]},
			"faces": {
				"north": {"uv": [0, 0, 0, 1], "texture": "#1"},
				"east": {"uv": [0, 0, 9.5, 1], "texture": "#1"},
				"south": {"uv": [0, 0, 0, 1], "texture": "#1"},
				"west": {"uv": [0, 0, 9.5, 1], "texture": "#1"},
				"up": {"uv": [0, 0, 0, 9.5], "texture": "#1"},
				"down": {"uv": [0, 0, 0, 9.5], "texture": "#1"}
			}
		},
		{
			"from": [1, 27, 12],
			"to": [1, 29, 16],
			"rotation": {"angle": 0, "axis": "x", "origin": [0, 27, 7.5]},
			"faces": {
				"north": {"uv": [2.5, 0, 2.5, 1], "texture": "#1"},
				"east": {"uv": [2.5, 0, 4.5, 1], "texture": "#1"},
				"south": {"uv": [2.5, 0, 2.5, 1], "texture": "#1"},
				"west": {"uv": [2.5, 0, 4.5, 1], "texture": "#1"},
				"up": {"uv": [2.5, 0, 2.5, 2], "texture": "#1"},
				"down": {"uv": [2.5, 0, 2.5, 2], "texture": "#1"}
			}
		},
		{
			"from": [15, 8, 2],
			"to": [15, 19, 5],
			"rotation": {"angle": 0, "axis": "y", "origin": [14, 0, 0]},
			"faces": {
				"north": {"uv": [0, 1, 0, 6.5], "texture": "#1"},
				"east": {"uv": [0, 1, 1.5, 6.5], "texture": "#1"},
				"south": {"uv": [0, 1, 0, 6.5], "texture": "#1"},
				"west": {"uv": [0, 1, 1.5, 6.5], "texture": "#1"},
				"up": {"uv": [0, 1, 0, 2.5], "texture": "#1"},
				"down": {"uv": [0, 1, 0, 2.5], "texture": "#1"}
			}
		},
		{
			"from": [15, 16, 10],
			"to": [15, 27, 13],
			"rotation": {"angle": 0, "axis": "y", "origin": [14, 0, 0]},
			"faces": {
				"north": {"uv": [0, 1, 0, 6.5], "texture": "#1"},
				"east": {"uv": [0, 1, 1.5, 6.5], "texture": "#1"},
				"south": {"uv": [0, 1, 0, 6.5], "texture": "#1"},
				"west": {"uv": [0, 1, 1.5, 6.5], "texture": "#1"},
				"up": {"uv": [0, 1, 0, 2.5], "texture": "#1"},
				"down": {"uv": [0, 1, 0, 2.5], "texture": "#1"}
			}
		},
		{
			"from": [14.99, 15.99, 7.99],
			"to": [15.01, 17.01, 16.01],
			"rotation": {"angle": 0, "axis": "y", "origin": [14, 0, 0]},
			"faces": {
				"north": {"uv": [0, 6.5, 0, 7], "texture": "#1"},
				"east": {"uv": [0, 6.5, 4, 7], "texture": "#1"},
				"south": {"uv": [0, 6.5, 0, 7], "texture": "#1"},
				"west": {"uv": [4, 6.5, 0, 7], "texture": "#1"},
				"up": {"uv": [0, 6.5, 0, 10.5], "texture": "#1"},
				"down": {"uv": [0, 6.5, 0, 10.5], "texture": "#1"}
			}
		},
		{
			"from": [14.99, 7.99, -0.01],
			"to": [15.01, 9.01, 8.01],
			"rotation": {"angle": 0, "axis": "y", "origin": [14, 0, 0]},
			"faces": {
				"north": {"uv": [0, 6.5, 0, 7], "texture": "#1"},
				"east": {"uv": [0, 6.5, 4, 7], "texture": "#1"},
				"south": {"uv": [0, 6.5, 0, 7], "texture": "#1"},
				"west": {"uv": [4, 6.5, 0, 7], "texture": "#1"},
				"up": {"uv": [0, 6.5, 0, 10.5], "texture": "#1"},
				"down": {"uv": [0, 6.5, 0, 10.5], "texture": "#1"}
			}
		},
		{
			"from": [14.99, 23.24, -7.01],
			"to": [15.01, 25.26, 12.01],
			"rotation": {"angle": -45, "axis": "x", "origin": [14, 27, 7.5]},
			"faces": {
				"north": {"uv": [0, 0, 0, 1], "texture": "#1"},
				"east": {"uv": [0, 0, 9.5, 1], "texture": "#1"},
				"south": {"uv": [0, 0, 0, 1], "texture": "#1"},
				"west": {"uv": [0, 0, 9.5, 1], "texture": "#1"},
				"up": {"uv": [0, 0, 0, 9.5], "texture": "#1"},
				"down": {"uv": [0, 0, 0, 9.5], "texture": "#1"}
			}
		},
		{
			"from": [15, 27, 12],
			"to": [15, 29, 16],
			"rotation": {"angle": 0, "axis": "y", "origin": [14, 27, 7.5]},
			"faces": {
				"north": {"uv": [2.5, 0, 2.5, 1], "texture": "#1"},
				"east": {"uv": [2.5, 0, 4.5, 1], "texture": "#1"},
				"south": {"uv": [2.5, 0, 2.5, 1], "texture": "#1"},
				"west": {"uv": [2.5, 0, 4.5, 1], "texture": "#1"},
				"up": {"uv": [2.5, 0, 2.5, 2], "texture": "#1"},
				"down": {"uv": [2.5, 0, 2.5, 2], "texture": "#1"}
			}
		}
	],
	"display": {
		"thirdperson_righthand": {
			"rotation": [75, 45, 0],
			"translation": [0, 2.5, 0],
			"scale": [0.375, 0.375, 0.375]
		},
		"thirdperson_lefthand": {
			"rotation": [75, 45, 0],
			"translation": [0, 2.5, 0],
			"scale": [0.375, 0.375, 0.375]
		},
		"firstperson_righthand": {
			"rotation": [0, 45, 0],
			"scale": [0.4, 0.4, 0.4]
		},
		"firstperson_lefthand": {
			"rotation": [0, 225, 0],
			"scale": [0.4, 0.4, 0.4]
		},
		"ground": {
			"translation": [0, 3, 0],
			"scale": [0.25, 0.25, 0.25]
		},
		"gui": {
			"rotation": [30, 225, 0],
			"scale": [0.625, 0.625, 0.625]
		},
		"fixed": {
			"scale": [0.5, 0.5, 0.5]
		}
	},
	"groups": [
		0,
		1,
		{
			"name": "group",
			"origin": [0, 0, 0],
			"color": 0,
			"nbt": "{}",
			"armAnimationEnabled": false,
			"children": [2, 3]
		},
		{
			"name": "group",
			"origin": [0, 0, 0],
			"color": 0,
			"nbt": "{}",
			"armAnimationEnabled": false,
			"children": [4, 5]
		},
		{
			"name": "group",
			"origin": [0, 27, 7.5],
			"color": 0,
			"nbt": "{}",
			"armAnimationEnabled": false,
			"children": [6, 7, 8, 9, 10, 11]
		},
		{
			"name": "group",
			"origin": [0, 27, 7.5],
			"color": 0,
			"nbt": "{}",
			"armAnimationEnabled": false,
			"children": [12, 13, 14, 15, 16, 17]
		}
	]
}