{
	"credit": "Made with Blockbench",
	"ambientocclusion": false,
	"texture_size": [32, 32],
	"textures": {
		"0": "RELOADED:blocks/catwalk",
		"particle": "RELOADED:blocks/catwalk"
	},
	"elements": [
		{
			"from": [0, 13, 0],
			"to": [16, 16, 16],
			"faces": {
				"north": {"uv": [8, 0, 16, 1.5], "texture": "#0"},
				"east": {"uv": [8, 0, 16, 1.5], "texture": "#0"},
				"south": {"uv": [8, 0, 16, 1.5], "texture": "#0"},
				"west": {"uv": [8, 0, 16, 1.5], "texture": "#0"},
				"up": {"uv": [0, 16, 8, 8], "texture": "#0"},
				"down": {"uv": [0, 8, 8, 16], "texture": "#0"}
			}
		},
		{
			"from": [15, 16, 1],
			"to": [16, 29, 1],
			"rotation": {"angle": 0, "axis": "y", "origin": [8, 8, 8]},
			"faces": {
				"north": {"uv": [8, 1.5, 8.5, 8], "texture": "#0"},
				"east": {"uv": [8, 0, 8, 6.5], "texture": "#0"},
				"south": {"uv": [8, 1.5, 8.5, 8], "texture": "#0"},
				"west": {"uv": [8, 0, 8, 6.5], "texture": "#0"},
				"up": {"uv": [0, 7.5, 0, 0], "rotation": 270, "texture": "#0"},
				"down": {"uv": [0, 0, 0, 7.5], "rotation": 90, "texture": "#0"}
			}
		},
		{
			"from": [15, 16, 0],
			"to": [15, 29, 1],
			"rotation": {"angle": 0, "axis": "y", "origin": [15, 22.5, 1]},
			"faces": {
				"north": {"uv": [8, 0, 8, 6.5], "texture": "#0"},
				"east": {"uv": [8, 1.5, 8.5, 8], "texture": "#0"},
				"south": {"uv": [8, 0, 8, 6.5], "texture": "#0"},
				"west": {"uv": [8, 1.5, 8.5, 8], "texture": "#0"},
				"up": {"uv": [0, 7.5, 0, 0], "rotation": 180, "texture": "#0"},
				"down": {"uv": [0, 0, 0, 7.5], "rotation": 180, "texture": "#0"}
			}
		},
		{
			"from": [0, 16, 1],
			"to": [1, 29, 1],
			"rotation": {"angle": 0, "axis": "y", "origin": [8, 8, 8]},
			"faces": {
				"north": {"uv": [8, 1.5, 8.5, 8], "texture": "#0"},
				"east": {"uv": [8, 0, 8, 6.5], "texture": "#0"},
				"south": {"uv": [8, 1.5, 8.5, 8], "texture": "#0"},
				"west": {"uv": [8, 0, 8, 6.5], "texture": "#0"},
				"up": {"uv": [0, 7.5, 0, 0], "rotation": 90, "texture": "#0"},
				"down": {"uv": [0, 0, 0, 7.5], "rotation": 270, "texture": "#0"}
			}
		},
		{
			"from": [1, 16, 0],
			"to": [1, 29, 1],
			"rotation": {"angle": 0, "axis": "y", "origin": [8, 8, 8]},
			"faces": {
				"north": {"uv": [8, 0, 8, 6.5], "texture": "#0"},
				"east": {"uv": [8, 1.5, 8.5, 8], "texture": "#0"},
				"south": {"uv": [8, 0, 8, 6.5], "texture": "#0"},
				"west": {"uv": [8, 1.5, 8.5, 8], "texture": "#0"},
				"up": {"uv": [0, 7.5, 0, 0], "rotation": 180, "texture": "#0"},
				"down": {"uv": [0, 0, 0, 7.5], "rotation": 180, "texture": "#0"}
			}
		},
		{
			"from": [15, 16, 15],
			"to": [15, 29, 16],
			"rotation": {"angle": 0, "axis": "y", "origin": [8, 20, 8]},
			"faces": {
				"north": {"uv": [8, 0, 8, 6.5], "texture": "#0"},
				"east": {"uv": [8, 1.5, 8.5, 8], "texture": "#0"},
				"south": {"uv": [8, 0, 8, 6.5], "texture": "#0"},
				"west": {"uv": [8, 1.5, 8.5, 8], "texture": "#0"},
				"up": {"uv": [0, 7.5, 0, 0], "texture": "#0"},
				"down": {"uv": [0, 0, 0, 7.5], "texture": "#0"}
			}
		},
		{
			"from": [15, 16, 15],
			"to": [16, 29, 15],
			"rotation": {"angle": 0, "axis": "y", "origin": [8, 20, 8]},
			"faces": {
				"north": {"uv": [8, 1.5, 8.5, 8], "texture": "#0"},
				"east": {"uv": [8, 0, 8, 6.5], "texture": "#0"},
				"south": {"uv": [8, 1.5, 8.5, 8], "texture": "#0"},
				"west": {"uv": [8, 0, 8, 6.5], "texture": "#0"},
				"up": {"uv": [0, 7.5, 0, 0], "rotation": 270, "texture": "#0"},
				"down": {"uv": [0, 0, 0, 7.5], "rotation": 90, "texture": "#0"}
			}
		},
		{
			"from": [1, 16, 15],
			"to": [1, 29, 16],
			"rotation": {"angle": 0, "axis": "y", "origin": [8, 20, 8]},
			"faces": {
				"north": {"uv": [8, 0, 8, 6.5], "texture": "#0"},
				"east": {"uv": [8, 1.5, 8.5, 8], "texture": "#0"},
				"south": {"uv": [8, 0, 8, 6.5], "texture": "#0"},
				"west": {"uv": [8, 1.5, 8.5, 8], "texture": "#0"},
				"up": {"uv": [0, 7.5, 0, 0], "texture": "#0"},
				"down": {"uv": [0, 0, 0, 7.5], "texture": "#0"}
			}
		},
		{
			"from": [0, 16, 15],
			"to": [1, 29, 15],
			"rotation": {"angle": 0, "axis": "y", "origin": [8, 20, 8]},
			"faces": {
				"north": {"uv": [8, 1.5, 8.5, 8], "texture": "#0"},
				"east": {"uv": [8, 0, 8, 6.5], "texture": "#0"},
				"south": {"uv": [8, 1.5, 8.5, 8], "texture": "#0"},
				"west": {"uv": [8, 0, 8, 6.5], "texture": "#0"},
				"up": {"uv": [0, 7.5, 0, 0], "rotation": 90, "texture": "#0"},
				"down": {"uv": [0, 0, 0, 7.5], "rotation": 270, "texture": "#0"}
			}
		}
	],
	"display": {
		"thirdperson_righthand": {
			"rotation": [75, 45, 0],
			"translation": [0, 2.5, 0],
			"scale": [0.375, 0.375, 0.375]
		},
		"thirdperson_lefthand": {
			"rotation": [75, 45, 0],
			"translation": [0, 2.5, 0],
			"scale": [0.375, 0.375, 0.375]
		},
		"firstperson_righthand": {
			"rotation": [0, 45, 0],
			"scale": [0.4, 0.4, 0.4]
		},
		"firstperson_lefthand": {
			"rotation": [0, 225, 0],
			"scale": [0.4, 0.4, 0.4]
		},
		"ground": {
			"translation": [0, 3, 0],
			"scale": [0.25, 0.25, 0.25]
		},
		"gui": {
			"rotation": [30, 225, 0],
			"scale": [0.625, 0.625, 0.625]
		},
		"fixed": {
			"scale": [0.5, 0.5, 0.5]
		}
	},
	"groups": [
		{
			"name": "group",
			"origin": [0, 0, 0],
			"color": 0,
			"nbt": "{}",
			"armAnimationEnabled": false,
			"children": [0, 1, 2, 3, 4, 5, 6, 7, 8]
		}
	]
}