{
	"credit": "Made with Blockbench",
	"ambientocclusion": false,
	"texture_size": [32, 32],
	"textures": {
		"0": "RELOADED:blocks/furniture/chair",
		"particle": "RELOADED:blocks/furniture/chair"
	},
	"elements": [
		{
			"from": [3, 7, 3],
			"to": [13, 10, 13],
			"faces": {
				"north": {"uv": [0, 10, 5, 11.5], "texture": "#0"},
				"east": {"uv": [5, 11.5, 0, 13], "texture": "#0"},
				"south": {"uv": [0, 13, 5, 14.5], "texture": "#0"},
				"west": {"uv": [0, 11.5, 5, 13], "texture": "#0"},
				"up": {"uv": [0, 5, 5, 10], "texture": "#0"},
				"down": {"uv": [0, 0, 5, 5], "texture": "#0"}
			}
		},
		{
			"from": [7.5, 4, 7.5],
			"to": [8.5, 7, 8.5],
			"faces": {
				"north": {"uv": [5, 0, 5.5, 1.5], "texture": "#0"},
				"east": {"uv": [5, 0, 5.5, 1.5], "texture": "#0"},
				"south": {"uv": [5, 0, 5.5, 1.5], "texture": "#0"},
				"west": {"uv": [5, 0, 5.5, 1.5], "texture": "#0"},
				"up": {"uv": [5, 0, 5.5, 0.5], "texture": "#0"},
				"down": {"uv": [5, 0.5, 5.5, 1], "texture": "#0"}
			}
		},
		{
			"from": [7.5, 9, 13],
			"to": [8.5, 15, 14],
			"faces": {
				"north": {"uv": [5, 0, 5.5, 1.5], "texture": "#0"},
				"east": {"uv": [5, 0, 5.5, 1.5], "texture": "#0"},
				"south": {"uv": [5, 0, 5.5, 1.5], "texture": "#0"},
				"west": {"uv": [5, 0, 5.5, 1.5], "texture": "#0"},
				"up": {"uv": [5, 0, 5.5, 0.5], "texture": "#0"},
				"down": {"uv": [5, 0.5, 5.5, 1], "texture": "#0"}
			}
		},
		{
			"from": [7, 1, 7],
			"to": [9, 4, 9],
			"faces": {
				"north": {"uv": [5, 1.5, 6, 3], "texture": "#0"},
				"east": {"uv": [5, 1.5, 6, 3], "texture": "#0"},
				"south": {"uv": [5, 1.5, 6, 3], "texture": "#0"},
				"west": {"uv": [5, 1.5, 6, 3], "texture": "#0"},
				"up": {"uv": [6, 3, 7, 4], "texture": "#0"},
				"down": {"uv": [5, 3, 6, 4], "texture": "#0"}
			}
		},
		{
			"from": [2, 0, 8],
			"to": [4, 2, 8],
			"faces": {
				"north": {"uv": [5.5, 0, 6.5, 1], "texture": "#0"},
				"south": {"uv": [6.5, 0, 5.5, 1], "texture": "#0"}
			}
		},
		{
			"from": [3, 1, 7],
			"to": [7, 2, 9],
			"faces": {
				"north": {"uv": [5, 5, 7, 5.5], "texture": "#0"},
				"east": {"uv": [5, 5, 6, 5.5], "texture": "#0"},
				"south": {"uv": [7, 5, 5, 5.5], "texture": "#0"},
				"west": {"uv": [6, 4, 7, 4.5], "texture": "#0"},
				"up": {"uv": [7, 4, 5, 5], "texture": "#0"},
				"down": {"uv": [7, 5.5, 5, 6.5], "texture": "#0"}
			}
		},
		{
			"from": [12, 0, 8],
			"to": [14, 2, 8],
			"rotation": {"angle": 0, "axis": "y", "origin": [8, 8, 8]},
			"faces": {
				"north": {"uv": [6.5, 0, 5.5, 1], "texture": "#0"},
				"south": {"uv": [5.5, 0, 6.5, 1], "texture": "#0"}
			}
		},
		{
			"from": [9, 1, 7],
			"to": [13, 2, 9],
			"rotation": {"angle": 0, "axis": "y", "origin": [8, 8, 8]},
			"faces": {
				"north": {"uv": [7, 5, 5, 5.5], "texture": "#0"},
				"east": {"uv": [6, 4, 7, 4.5], "texture": "#0"},
				"south": {"uv": [5, 5, 7, 5.5], "texture": "#0"},
				"west": {"uv": [5, 5, 6, 5.5], "texture": "#0"},
				"up": {"uv": [7, 4, 5, 5], "rotation": 180, "texture": "#0"},
				"down": {"uv": [7, 5.5, 5, 6.5], "rotation": 180, "texture": "#0"}
			}
		},
		{
			"from": [8, 0, 2],
			"to": [8, 2, 4],
			"rotation": {"angle": 0, "axis": "y", "origin": [8, 8, 8]},
			"faces": {
				"east": {"uv": [5.5, 0, 6.5, 1], "texture": "#0"},
				"west": {"uv": [6.5, 0, 5.5, 1], "texture": "#0"}
			}
		},
		{
			"from": [7, 1, 3],
			"to": [9, 2, 7],
			"rotation": {"angle": 0, "axis": "y", "origin": [8, 8, 8]},
			"faces": {
				"north": {"uv": [6, 4, 7, 4.5], "texture": "#0"},
				"east": {"uv": [5, 5, 7, 5.5], "texture": "#0"},
				"south": {"uv": [5, 5, 6, 5.5], "texture": "#0"},
				"west": {"uv": [7, 5, 5, 5.5], "texture": "#0"},
				"up": {"uv": [7, 4, 5, 5], "rotation": 90, "texture": "#0"},
				"down": {"uv": [7, 5.5, 5, 6.5], "rotation": 270, "texture": "#0"}
			}
		},
		{
			"from": [8, 0, 12],
			"to": [8, 2, 14],
			"rotation": {"angle": 0, "axis": "y", "origin": [8, 8, 8]},
			"faces": {
				"east": {"uv": [6.5, 0, 5.5, 1], "texture": "#0"},
				"west": {"uv": [5.5, 0, 6.5, 1], "texture": "#0"}
			}
		},
		{
			"from": [7, 1, 9],
			"to": [9, 2, 13],
			"rotation": {"angle": 0, "axis": "y", "origin": [8, 8, 8]},
			"faces": {
				"north": {"uv": [5, 5, 6, 5.5], "texture": "#0"},
				"east": {"uv": [7, 5, 5, 5.5], "texture": "#0"},
				"south": {"uv": [6, 4, 7, 4.5], "texture": "#0"},
				"west": {"uv": [5, 5, 7, 5.5], "texture": "#0"},
				"up": {"uv": [7, 4, 5, 5], "rotation": 270, "texture": "#0"},
				"down": {"uv": [7, 5.5, 5, 6.5], "rotation": 90, "texture": "#0"}
			}
		},
		{
			"from": [3, 14, 13],
			"to": [13, 19, 15],
			"rotation": {"angle": 22.5, "axis": "x", "origin": [8, 15.5, 13.5]},
			"faces": {
				"north": {"uv": [0, 6.5, 5, 9], "rotation": 180, "texture": "#0"},
				"east": {"uv": [4, 12, 1.5, 13], "rotation": 90, "texture": "#0"},
				"south": {"uv": [6.5, 0, 11.5, 2.5], "texture": "#0"},
				"west": {"uv": [1.5, 12, 4, 13], "rotation": 270, "texture": "#0"},
				"up": {"uv": [0, 13.5, 5, 14.5], "texture": "#0"},
				"down": {"uv": [0, 10.5, 5, 11.5], "rotation": 180, "texture": "#0"}
			}
		}
	],
	"display": {
		"thirdperson_righthand": {
			"rotation": [75, 45, 0],
			"translation": [0, 2.5, 0],
			"scale": [0.375, 0.375, 0.375]
		},
		"thirdperson_lefthand": {
			"rotation": [75, 45, 0],
			"translation": [0, 2.5, 0],
			"scale": [0.375, 0.375, 0.375]
		},
		"firstperson_righthand": {
			"rotation": [0, 45, 0],
			"scale": [0.4, 0.4, 0.4]
		},
		"firstperson_lefthand": {
			"rotation": [0, 225, 0],
			"scale": [0.4, 0.4, 0.4]
		},
		"ground": {
			"translation": [0, 3, 0],
			"scale": [0.25, 0.25, 0.25]
		},
		"gui": {
			"rotation": [30, 225, 0],
			"scale": [0.625, 0.625, 0.625]
		},
		"fixed": {
			"scale": [0.5, 0.5, 0.5]
		}
	},
	"groups": [
		0,
		1,
		2,
		3,
		{
			"name": "group",
			"origin": [0, 0, 0],
			"color": 0,
			"nbt": "{}",
			"children": [4, 5]
		},
		{
			"name": "group",
			"origin": [0, 0, 0],
			"color": 0,
			"nbt": "{}",
			"children": [6, 7]
		},
		{
			"name": "group",
			"origin": [0, 0, 0],
			"color": 0,
			"nbt": "{}",
			"children": [8, 9]
		},
		{
			"name": "group",
			"origin": [0, 0, 0],
			"color": 0,
			"nbt": "{}",
			"children": [10, 11]
		},
		12
	]
}