{
	"credit": "Made with Blockbench",
	"ambientocclusion": false,
	"texture_size": [64, 64],
	"textures": {
		"0": "RELOADED:blocks/cube_dispenser",
		"particle": "RELOADED:blocks/cube_dispenser"
	},
	"elements": [
		{
			"from": [0, 6, 0],
			"to": [16, 16, 16],
			"faces": {
				"north": {"uv": [0, 0, 4, 2.5], "texture": "#0"},
				"east": {"uv": [0, 2.5, 4, 5], "texture": "#0"},
				"south": {"uv": [0, 0, 4, 2.5], "texture": "#0"},
				"west": {"uv": [0, 2.5, 4, 5], "texture": "#0"},
				"up": {"uv": [8, 0, 12, 4], "texture": "#0"},
				"down": {"uv": [12, 0, 16, 4], "texture": "#0"}
			}
		},
		{
			"from": [1, 0, 1],
			"to": [15, 6, 15],
			"faces": {
				"north": {"uv": [4, 4.75, 7.5, 6.25], "texture": "#0"},
				"east": {"uv": [4, 4.75, 7.5, 6.25], "texture": "#0"},
				"south": {"uv": [4, 4.75, 7.5, 6.25], "texture": "#0"},
				"west": {"uv": [4, 4.75, 7.5, 6.25], "texture": "#0"}
			}
		},
		{
			"from": [0, -3, 0],
			"to": [16, 0, 16],
			"faces": {
				"north": {"uv": [4, 0, 8, 0.75], "texture": "#0"},
				"east": {"uv": [4, 0, 8, 0.75], "texture": "#0"},
				"south": {"uv": [4, 0, 8, 0.75], "texture": "#0"},
				"west": {"uv": [4, 0, 8, 0.75], "texture": "#0"},
				"up": {"uv": [8, 0, 12, 4], "texture": "#0"},
				"down": {"uv": [4, 0.75, 8, 4.75], "texture": "#0"}
			}
		}
	],
	"display": {
		"thirdperson_righthand": {
			"rotation": [75, 45, 0],
			"translation": [0, 2.5, 0],
			"scale": [0.375, 0.375, 0.375]
		},
		"thirdperson_lefthand": {
			"rotation": [75, 45, 0],
			"translation": [0, 2.5, 0],
			"scale": [0.375, 0.375, 0.375]
		},
		"firstperson_righthand": {
			"rotation": [0, 45, 0],
			"scale": [0.4, 0.4, 0.4]
		},
		"firstperson_lefthand": {
			"rotation": [0, 225, 0],
			"scale": [0.4, 0.4, 0.4]
		},
		"ground": {
			"translation": [0, 3, 0],
			"scale": [0.25, 0.25, 0.25]
		},
		"gui": {
			"rotation": [30, 225, 0],
			"scale": [0.625, 0.625, 0.625]
		},
		"head": {
			"rotation": [0, 180, 0],
			"translation": [0, 13, 7]
		},
		"fixed": {
			"scale": [0.5, 0.5, 0.5]
		}
	}
}