{
	"credit": "Made with Blockbench",
	"ambientocclusion": false,
	"texture_size": [48, 32],
	"textures": {
		"0": "RELOADED:blocks/furniture/desk",
		"particle": "RELOADED:blocks/furniture/desk"
	},
	"elements": [
		{
			"from": [0, 14, 0],
			"to": [16, 16, 16],
			"faces": {
				"north": {"uv": [0, 0, 5.33333, 1], "texture": "#0"},
				"east": {"uv": [0, 0, 5.33333, 1], "texture": "#0"},
				"south": {"uv": [0, 0, 5.33333, 1], "texture": "#0"},
				"west": {"uv": [0, 0, 5.33333, 1], "texture": "#0"},
				"up": {"uv": [0, 0, 5.33333, 8], "texture": "#0"},
				"down": {"uv": [0, 0, 5.33333, 8], "texture": "#0"}
			}
		},
		{
			"from": [0.5, 0, 0.5],
			"to": [2.5, 1, 2.5],
			"faces": {
				"north": {"uv": [11, 1, 11.66667, 1.5], "texture": "#0"},
				"east": {"uv": [11, 1, 11.66667, 1.5], "texture": "#0"},
				"south": {"uv": [11, 1, 11.66667, 1.5], "texture": "#0"},
				"west": {"uv": [11, 1, 11.66667, 1.5], "texture": "#0"},
				"up": {"uv": [11, 0, 11.66667, 1], "texture": "#0"},
				"down": {"uv": [11.66667, 0, 12.33333, 1], "texture": "#0"}
			}
		},
		{
			"from": [1.01, 0.01, 1.01],
			"to": [1.99, 15.99, 1.99],
			"faces": {
				"north": {"uv": [10.66667, 0, 11, 8], "texture": "#0"},
				"east": {"uv": [10.66667, 0, 11, 8], "texture": "#0"},
				"south": {"uv": [10.66667, 0, 11, 8], "texture": "#0"},
				"west": {"uv": [10.66667, 0, 11, 8], "texture": "#0"},
				"up": {"uv": [10.66667, 0, 11, 0.5], "texture": "#0"},
				"down": {"uv": [10.66667, 0, 11, 0.5], "texture": "#0"}
			}
		},
		{
			"from": [0.5, 0, 13.5],
			"to": [2.5, 1, 15.5],
			"faces": {
				"north": {"uv": [11, 1, 11.66667, 1.5], "texture": "#0"},
				"east": {"uv": [11, 1, 11.66667, 1.5], "texture": "#0"},
				"south": {"uv": [11, 1, 11.66667, 1.5], "texture": "#0"},
				"west": {"uv": [11, 1, 11.66667, 1.5], "texture": "#0"},
				"up": {"uv": [11, 0, 11.66667, 1], "texture": "#0"},
				"down": {"uv": [11.66667, 0, 12.33333, 1], "texture": "#0"}
			}
		},
		{
			"from": [1.01, 0.01, 14.01],
			"to": [1.99, 15.99, 14.99],
			"faces": {
				"north": {"uv": [10.66667, 0, 11, 8], "texture": "#0"},
				"east": {"uv": [10.66667, 0, 11, 8], "texture": "#0"},
				"south": {"uv": [10.66667, 0, 11, 8], "texture": "#0"},
				"west": {"uv": [10.66667, 0, 11, 8], "texture": "#0"},
				"up": {"uv": [10.66667, 0, 11, 0.5], "texture": "#0"},
				"down": {"uv": [10.66667, 0, 11, 0.5], "texture": "#0"}
			}
		},
		{
			"from": [13.5, 0, 0.5],
			"to": [15.5, 1, 2.5],
			"faces": {
				"north": {"uv": [11, 1, 11.66667, 1.5], "texture": "#0"},
				"east": {"uv": [11, 1, 11.66667, 1.5], "texture": "#0"},
				"south": {"uv": [11, 1, 11.66667, 1.5], "texture": "#0"},
				"west": {"uv": [11, 1, 11.66667, 1.5], "texture": "#0"},
				"up": {"uv": [11, 0, 11.66667, 1], "texture": "#0"},
				"down": {"uv": [11.66667, 0, 12.33333, 1], "texture": "#0"}
			}
		},
		{
			"from": [14.01, 0.01, 1.01],
			"to": [14.99, 15.99, 1.99],
			"faces": {
				"north": {"uv": [10.66667, 0, 11, 8], "texture": "#0"},
				"east": {"uv": [10.66667, 0, 11, 8], "texture": "#0"},
				"south": {"uv": [10.66667, 0, 11, 8], "texture": "#0"},
				"west": {"uv": [10.66667, 0, 11, 8], "texture": "#0"},
				"up": {"uv": [10.66667, 0, 11, 0.5], "texture": "#0"},
				"down": {"uv": [10.66667, 0, 11, 0.5], "texture": "#0"}
			}
		},
		{
			"from": [13.5, 0, 13.5],
			"to": [15.5, 1, 15.5],
			"faces": {
				"north": {"uv": [11, 1, 11.66667, 1.5], "texture": "#0"},
				"east": {"uv": [11, 1, 11.66667, 1.5], "texture": "#0"},
				"south": {"uv": [11, 1, 11.66667, 1.5], "texture": "#0"},
				"west": {"uv": [11, 1, 11.66667, 1.5], "texture": "#0"},
				"up": {"uv": [11, 0, 11.66667, 1], "texture": "#0"},
				"down": {"uv": [11.66667, 0, 12.33333, 1], "texture": "#0"}
			}
		},
		{
			"from": [14.01, 0.01, 14.01],
			"to": [14.99, 15.99, 14.99],
			"faces": {
				"north": {"uv": [10.66667, 0, 11, 8], "texture": "#0"},
				"east": {"uv": [10.66667, 0, 11, 8], "texture": "#0"},
				"south": {"uv": [10.66667, 0, 11, 8], "texture": "#0"},
				"west": {"uv": [10.66667, 0, 11, 8], "texture": "#0"},
				"up": {"uv": [10.66667, 0, 11, 0.5], "texture": "#0"},
				"down": {"uv": [10.66667, 0, 11, 0.5], "texture": "#0"}
			}
		}
	],
	"display": {
		"thirdperson_righthand": {
			"rotation": [75, 45, 0],
			"translation": [0, 2.5, 0],
			"scale": [0.375, 0.375, 0.375]
		},
		"thirdperson_lefthand": {
			"rotation": [75, 45, 0],
			"translation": [0, 2.5, 0],
			"scale": [0.375, 0.375, 0.375]
		},
		"firstperson_righthand": {
			"rotation": [0, 45, 0],
			"scale": [0.4, 0.4, 0.4]
		},
		"firstperson_lefthand": {
			"rotation": [0, 225, 0],
			"scale": [0.4, 0.4, 0.4]
		},
		"ground": {
			"translation": [0, 3, 0],
			"scale": [0.25, 0.25, 0.25]
		},
		"gui": {
			"rotation": [30, 225, 0],
			"scale": [0.625, 0.625, 0.625]
		},
		"fixed": {
			"scale": [0.5, 0.5, 0.5]
		}
	},
	"groups": [
		0,
		{
			"name": "group",
			"origin": [0, 0, 0],
			"color": 0,
			"nbt": "{}",
			"children": [1, 2]
		},
		{
			"name": "group",
			"origin": [0, 0, 0],
			"color": 0,
			"nbt": "{}",
			"children": [3, 4]
		},
		{
			"name": "group",
			"origin": [0, 0, 0],
			"color": 0,
			"nbt": "{}",
			"children": [5, 6]
		},
		{
			"name": "group",
			"origin": [0, 0, 0],
			"color": 0,
			"nbt": "{}",
			"children": [7, 8]
		}
	]
}