{
	"credit": "Made with Blockbench",
	"ambientocclusion": false,
	"textures": {
		"0": "RELOADED:blocks/acivation/indicator_line_on",
		"particle": "RELOADED:blocks/acivation/indicator_line_on"
	},
	"elements": [
		{
			"from": [6, 0.5, 6],
			"to": [10, 0.5, 10],
			"faces": {
				"north": {"uv": [6, 6, 10, 10], "texture": "#0"},
				"east": {"uv": [6, 6, 10, 10], "texture": "#0"},
				"south": {"uv": [6, 6, 10, 10], "texture": "#0"},
				"west": {"uv": [6, 6, 10, 10], "texture": "#0"},
				"up": {"uv": [6, 6, 10, 10], "texture": "#0"},
				"down": {"uv": [10, 6, 6, 10], "texture": "#0"}
			}
		},
		{
			"from": [6, 0.5, 1],
			"to": [10, 0.5, 5],
			"faces": {
				"north": {"uv": [6, 6, 10, 10], "texture": "#0"},
				"east": {"uv": [6, 6, 10, 10], "texture": "#0"},
				"south": {"uv": [6, 6, 10, 10], "texture": "#0"},
				"west": {"uv": [6, 6, 10, 10], "texture": "#0"},
				"up": {"uv": [6, 6, 10, 10], "texture": "#0"},
				"down": {"uv": [10, 6, 6, 10], "texture": "#0"}
			}
		},
		{
			"from": [6, 0.5, 11],
			"to": [10, 0.5, 15],
			"faces": {
				"north": {"uv": [6, 6, 10, 10], "texture": "#0"},
				"east": {"uv": [6, 6, 10, 10], "texture": "#0"},
				"south": {"uv": [6, 6, 10, 10], "texture": "#0"},
				"west": {"uv": [6, 6, 10, 10], "texture": "#0"},
				"up": {"uv": [6, 6, 10, 10], "texture": "#0"},
				"down": {"uv": [10, 6, 6, 10], "texture": "#0"}
			}
		},
		{
			"from": [6, 11, 15.5],
			"to": [10, 15, 15.5],
			"rotation": {"angle": 0, "axis": "y", "origin": [8, 8, 8]},
			"faces": {
				"north": {"uv": [6, 6, 10, 10], "rotation": 180, "texture": "#0"},
				"east": {"uv": [6, 6, 10, 10], "rotation": 90, "texture": "#0"},
				"south": {"uv": [10, 6, 6, 10], "texture": "#0"},
				"west": {"uv": [6, 6, 10, 10], "rotation": 270, "texture": "#0"},
				"up": {"uv": [6, 6, 10, 10], "texture": "#0"},
				"down": {"uv": [6, 6, 10, 10], "rotation": 180, "texture": "#0"}
			}
		},
		{
			"from": [6, 6, 15.5],
			"to": [10, 10, 15.5],
			"rotation": {"angle": 0, "axis": "y", "origin": [8, 8, 8]},
			"faces": {
				"north": {"uv": [6, 6, 10, 10], "rotation": 180, "texture": "#0"},
				"east": {"uv": [6, 6, 10, 10], "rotation": 90, "texture": "#0"},
				"south": {"uv": [10, 6, 6, 10], "texture": "#0"},
				"west": {"uv": [6, 6, 10, 10], "rotation": 270, "texture": "#0"},
				"up": {"uv": [6, 6, 10, 10], "texture": "#0"},
				"down": {"uv": [6, 6, 10, 10], "rotation": 180, "texture": "#0"}
			}
		},
		{
			"from": [6, 1, 15.5],
			"to": [10, 5, 15.5],
			"rotation": {"angle": 0, "axis": "y", "origin": [8, 8, 8]},
			"faces": {
				"north": {"uv": [6, 6, 10, 10], "rotation": 180, "texture": "#0"},
				"east": {"uv": [6, 6, 10, 10], "rotation": 90, "texture": "#0"},
				"south": {"uv": [10, 6, 6, 10], "texture": "#0"},
				"west": {"uv": [6, 6, 10, 10], "rotation": 270, "texture": "#0"},
				"up": {"uv": [6, 6, 10, 10], "texture": "#0"},
				"down": {"uv": [6, 6, 10, 10], "rotation": 180, "texture": "#0"}
			}
		}
	]
}