{
	"credit": "Made with Blockbench",
	"ambientocclusion": false,
	"texture_size": [32, 32],
	"textures": {
		"1": "RELOADED:blocks/light_bridge/bridge_light",
		"2": "RELOADED:blocks/light_bridge/bridge"
	},
	"elements": [
		{
			"from": [0.01, 14.01, 0.01],
			"to": [15.99, 15.99, 31.99],
			"faces": {
				"north": {"uv": [0, 8, 8, 9], "texture": "#2"},
				"east": {"uv": [0, 9, 8, 10], "texture": "#2"},
				"south": {"uv": [0, 8, 8, 8.99], "texture": "#2"},
				"west": {"uv": [0, 9, 8, 10], "texture": "#2"},
				"up": {"uv": [16, 8, 0, 0], "rotation": 90, "texture": "#2"},
				"down": {"uv": [16, 8, 0, 0], "rotation": 90, "texture": "#2"}
			}
		},
		{
			"from": [0, 14, 0],
			"to": [16, 16, 32],
			"faces": {
				"north": {"uv": [0, 8, 8, 9], "texture": "#2"},
				"east": {"uv": [0, 9, 8, 10], "texture": "#2"},
				"south": {"uv": [0, 8, 8, 9], "texture": "#2"},
				"west": {"uv": [0, 9, 8, 10], "texture": "#2"},
				"up": {"uv": [0, 0, 16, 8], "rotation": 90, "texture": "#2"},
				"down": {"uv": [0, 0, 16, 8], "rotation": 90, "texture": "#2"}
			}
		},
		{
			"from": [-1, 15, 0],
			"to": [17, 15, 32],
			"rotation": {"angle": 0, "axis": "z", "origin": [8, 1, 16]},
			"faces": {
				"up": {"uv": [16, 0, 0, 8], "rotation": 90, "texture": "#1"},
				"down": {"uv": [16, 0, 0, 8], "rotation": 90, "texture": "#1"}
			}
		}
	],
	"display": {
		"thirdperson_righthand": {
			"rotation": [75, 45, 0],
			"translation": [0, 2.5, 0],
			"scale": [0.375, 0.375, 0.375]
		},
		"thirdperson_lefthand": {
			"rotation": [75, 45, 0],
			"translation": [0, 2.5, 0],
			"scale": [0.375, 0.375, 0.375]
		},
		"firstperson_righthand": {
			"rotation": [0, 45, 0],
			"scale": [0.4, 0.4, 0.4]
		},
		"firstperson_lefthand": {
			"rotation": [0, 225, 0],
			"scale": [0.4, 0.4, 0.4]
		},
		"ground": {
			"translation": [0, 3, 0],
			"scale": [0.25, 0.25, 0.25]
		},
		"gui": {
			"rotation": [30, 225, 0],
			"scale": [0.625, 0.625, 0.625]
		},
		"head": {
			"rotation": [0, 180, 0],
			"translation": [0, 13, 7]
		},
		"fixed": {
			"scale": [0.5, 0.5, 0.5]
		}
	},
	"groups": [
		{
			"name": "group",
			"origin": [0, 0, 0],
			"color": 0,
			"nbt": "{}",
			"armAnimationEnabled": false,
			"children": [0, 1, 2]
		}
	]
}