{
	"credit": "Made with Blockbench",
	"ambientocclusion": false,
	"texture_size": [64, 64],
	"textures": {
		"0": "RELOADED:portal_gun/portal_gun",
		"particle": "RELOADED:portal_gun/portal_gun"
	},
	"elements": [
		{
			"from": [5, 2, 11],
			"to": [11, 7, 18],
			"faces": {
				"north": {"uv": [1.75, 1.75, 3.25, 3], "texture": "#0"},
				"east": {"uv": [0, 1.75, 1.75, 3], "texture": "#0"},
				"south": {"uv": [5, 1.75, 6.5, 3], "texture": "#0"},
				"west": {"uv": [3.25, 1.75, 5, 3], "texture": "#0"},
				"up": {"uv": [3.25, 1.75, 1.75, 0], "texture": "#0"},
				"down": {"uv": [4.75, 0, 3.25, 1.75], "texture": "#0"}
			}
		},
		{
			"from": [7, 6.75, 12],
			"to": [9, 6.75, 14],
			"faces": {
				"north": {"uv": [5.75, 0.5, 6.25, 0.5], "texture": "#0"},
				"east": {"uv": [5.25, 0.5, 5.75, 0.5], "texture": "#0"},
				"south": {"uv": [6.75, 0.5, 7.25, 0.5], "texture": "#0"},
				"west": {"uv": [6.25, 0.5, 6.75, 0.5], "texture": "#0"},
				"up": {"uv": [6.25, 0.5, 5.75, 0], "texture": "#0"},
				"down": {"uv": [6.75, 0, 6.25, 0.5], "texture": "#0"}
			}
		},
		{
			"from": [6, 2, 1],
			"to": [10, 6, 5],
			"faces": {
				"north": {"uv": [1, 4, 2, 5], "texture": "#0"},
				"east": {"uv": [0, 4, 1, 5], "texture": "#0"},
				"south": {"uv": [3, 4, 4, 5], "texture": "#0"},
				"west": {"uv": [2, 4, 3, 5], "texture": "#0"},
				"up": {"uv": [2, 4, 1, 3], "texture": "#0"},
				"down": {"uv": [3, 3, 2, 4], "texture": "#0"}
			}
		},
		{
			"from": [6, 2, 10],
			"to": [10, 6, 16],
			"faces": {
				"north": {"uv": [5.5, 4.5, 6.5, 5.5], "texture": "#0"},
				"east": {"uv": [4, 4.5, 5.5, 5.5], "texture": "#0"},
				"south": {"uv": [8, 4.5, 9, 5.5], "texture": "#0"},
				"west": {"uv": [6.5, 4.5, 8, 5.5], "texture": "#0"},
				"up": {"uv": [6.5, 4.5, 5.5, 3], "texture": "#0"},
				"down": {"uv": [7.5, 3, 6.5, 4.5], "texture": "#0"}
			}
		},
		{
			"from": [6, 0, -2],
			"to": [6, 2, 3],
			"rotation": {"angle": -45, "axis": "z", "origin": [6, 2, 2]},
			"faces": {
				"north": {"uv": [1.25, 5, 1.25, 5.5], "texture": "#0"},
				"east": {"uv": [0, 5, 1.25, 5.5], "texture": "#0"},
				"south": {"uv": [2.5, 5, 2.5, 5.5], "texture": "#0"},
				"west": {"uv": [1.25, 5, 2.5, 5.5], "texture": "#0"},
				"up": {"uv": [1.25, 5, 1.25, 3.75], "texture": "#0"},
				"down": {"uv": [1.25, 3.75, 1.25, 5], "texture": "#0"}
			}
		},
		{
			"from": [10, 0, -2],
			"to": [10, 2, 3],
			"rotation": {"angle": 45, "axis": "z", "origin": [10, 2, 2]},
			"faces": {
				"north": {"uv": [1.25, 5, 1.25, 5.5], "texture": "#0"},
				"east": {"uv": [0, 5, 1.25, 5.5], "texture": "#0"},
				"south": {"uv": [2.5, 5, 2.5, 5.5], "texture": "#0"},
				"west": {"uv": [1.25, 5, 2.5, 5.5], "texture": "#0"},
				"up": {"uv": [1.25, 5, 1.25, 3.75], "texture": "#0"},
				"down": {"uv": [1.25, 3.75, 1.25, 5], "texture": "#0"}
			}
		},
		{
			"from": [8, 6, -2],
			"to": [8, 8, 3],
			"rotation": {"angle": 0, "axis": "z", "origin": [8, 1, -0.5]},
			"faces": {
				"north": {"uv": [8.75, 4, 8.75, 4.5], "texture": "#0"},
				"east": {"uv": [7.5, 4, 8.75, 4.5], "texture": "#0"},
				"south": {"uv": [10, 4, 10, 4.5], "texture": "#0"},
				"west": {"uv": [8.75, 4, 10, 4.5], "texture": "#0"},
				"up": {"uv": [8.75, 4, 8.75, 2.75], "texture": "#0"},
				"down": {"uv": [8.75, 2.75, 8.75, 4], "texture": "#0"}
			}
		},
		{
			"from": [5.5, 1.75, -0.75],
			"to": [10.5, 4.75, 5.25],
			"rotation": {"angle": 0, "axis": "z", "origin": [10, 2, 2]},
			"faces": {
				"north": {"uv": [8, 1.5, 9.25, 2.25], "texture": "#0"},
				"east": {"uv": [6.5, 1.5, 8, 2.25], "texture": "#0"},
				"south": {"uv": [10.75, 1.5, 12, 2.25], "texture": "#0"},
				"west": {"uv": [9.25, 1.5, 10.75, 2.25], "texture": "#0"},
				"up": {"uv": [9.25, 1.5, 8, 0], "texture": "#0"},
				"down": {"uv": [10.5, 0, 9.25, 1.5], "texture": "#0"}
			}
		},
		{
			"from": [7, 3, 5],
			"to": [9, 5, 10],
			"faces": {
				"north": {"uv": [1.25, 8.5, 1.75, 9], "texture": "#0"},
				"east": {"uv": [0, 8.5, 1.25, 9], "texture": "#0"},
				"south": {"uv": [3, 8.5, 3.5, 9], "texture": "#0"},
				"west": {"uv": [1.75, 8.5, 3, 9], "texture": "#0"},
				"up": {"uv": [1.75, 8.5, 1.25, 7.25], "texture": "#0"},
				"down": {"uv": [2.25, 7.25, 1.75, 8.5], "texture": "#0"}
			}
		},
		{
			"from": [6.5, 2.5, 5],
			"to": [9.5, 5.5, 10],
			"faces": {
				"north": {"uv": [1.25, 10.25, 2, 11], "texture": "#0"},
				"east": {"uv": [0, 10.25, 1.25, 11], "texture": "#0"},
				"south": {"uv": [3.25, 10.25, 4, 11], "texture": "#0"},
				"west": {"uv": [2, 10.25, 3.25, 11], "texture": "#0"},
				"up": {"uv": [2, 10.25, 1.25, 9], "texture": "#0"},
				"down": {"uv": [2.75, 9, 2, 10.25], "texture": "#0"}
			}
		},
		{
			"from": [7, 3, 1.25],
			"to": [9, 5, 1.25],
			"rotation": {"angle": 0, "axis": "y", "origin": [8, 6.75, 13]},
			"faces": {
				"north": {"uv": [5.75, 0, 6.25, 0.5], "texture": "#0"},
				"east": {"uv": [5.75, 0, 5.75, 0.5], "texture": "#0"},
				"south": {"uv": [6.25, 0, 6.75, 0.5], "texture": "#0"},
				"west": {"uv": [6.25, 0, 6.25, 0.5], "texture": "#0"},
				"up": {"uv": [6.25, 0, 5.75, 0], "texture": "#0"},
				"down": {"uv": [6.75, 0, 6.25, 0], "texture": "#0"}
			}
		}
	],
	"display": {
		"thirdperson_righthand": {
			"translation": [0, 1, -2.25],
			"scale": [0.8, 0.8, 0.8]
		},
		"thirdperson_lefthand": {
			"translation": [0, 1, -2.25],
			"scale": [0.8, 0.8, 0.8]
		},
		"firstperson_righthand": {
			"translation": [1.13, 3.2, 0],
			"scale": [1.3, 1.3, 1.3]
		},
		"firstperson_lefthand": {
			"translation": [1.13, 3.2, 0],
			"scale": [1.3, 1.3, 1.3]
		},
		"ground": {
			"translation": [0, 4.25, 0]
		},
		"gui": {
			"rotation": [52, 225, 24],
			"translation": [1.75, 2.75, 0]
		},
		"head": {
			"rotation": [8, 137, 0],
			"translation": [-1.5, 12.25, 0.25]
		},
		"fixed": {
			"rotation": [-90, 45, 89],
			"translation": [-3.25, 3.5, -1.75],
			"scale": [2, 2, 2]
		}
	}
}