{
	"credit": "Made with Blockbench",
	"texture_size": [48, 48],
	"textures": {
		"0": "RELOADED:blocks/panel/panel"
	},
	"elements": [
		{
			"from": [0, 14, -0.07343],
			"to": [16, 16, 15.92657],
			"rotation": {"angle": 0, "axis": "y", "origin": [8, 13.11023, 6.85688]},
			"faces": {
				"north": {"uv": [10.66667, 5.33333, 16, 6], "texture": "#0"},
				"east": {"uv": [10.66667, 5.33333, 16, 6], "texture": "#0"},
				"south": {"uv": [10.66667, 5.33333, 16, 6], "texture": "#0"},
				"west": {"uv": [10.66667, 5.33333, 16, 6], "texture": "#0"},
				"up": {"uv": [0, 0, 5.33333, 5.33333], "texture": "#0"},
				"down": {"uv": [0, 0, 5.33333, 5.33333], "texture": "#0"}
			}
		},
		{
			"from": [6, 12, 0.92657],
			"to": [10, 15, 2.92657],
			"rotation": {"angle": 0, "axis": "y", "origin": [8, 13.11023, 6.85688]},
			"faces": {
				"north": {"uv": [6.33333, 0, 7.66667, 1], "texture": "#0"},
				"east": {"uv": [7.66667, 0, 8.33333, 1], "texture": "#0"},
				"south": {"uv": [7.66667, 0, 9, 1], "texture": "#0"},
				"west": {"uv": [7.66667, 0, 8.33333, 1], "texture": "#0"},
				"up": {"uv": [7.66667, 0, 9, 0.66667], "texture": "#0"},
				"down": {"uv": [7.66667, 0, 9, 0.66667], "texture": "#0"}
			}
		},
		{
			"from": [3, -0.99, 6],
			"to": [13, 3.01, 16],
			"rotation": {"angle": 0, "axis": "y", "origin": [8, -1, 11]},
			"faces": {
				"up": {"uv": [11.33333, 0, 14.66667, 3.33333], "texture": "#0"},
				"down": {"uv": [11.33333, 0, 14.66667, 3.33333], "texture": "#0"}
			}
		},
		{
			"from": [5.5, 13, 1.92657],
			"to": [7.5, 15, 14.92657],
			"rotation": {"angle": 0, "axis": "y", "origin": [8, 13.11023, 6.85688]},
			"faces": {
				"north": {"uv": [5.33333, 0.33333, 6, 1], "texture": "#0"},
				"east": {"uv": [5.33333, 10.66667, 9.66667, 11.33333], "texture": "#0"},
				"south": {"uv": [5.33333, 4.33333, 6, 5], "texture": "#0"},
				"west": {"uv": [9.66667, 10.66667, 5.33333, 11.33333], "texture": "#0"},
				"up": {"uv": [6, 0.33333, 5.33333, 4.66667], "texture": "#0"},
				"down": {"uv": [6, 4.66667, 5.33333, 0.33333], "texture": "#0"}
			}
		},
		{
			"from": [4.99, 11.99, 0.91657],
			"to": [6.01, 15.01, 3.93657],
			"rotation": {"angle": 0, "axis": "y", "origin": [8, 13.11023, 6.85688]},
			"faces": {
				"north": {"uv": [6.33333, 1, 6.66667, 2], "texture": "#0"},
				"east": {"uv": [6.33333, 1, 7.33333, 2], "texture": "#0"},
				"south": {"uv": [6.33333, 1, 6.66667, 2], "texture": "#0"},
				"west": {"uv": [6.33333, 1, 7.33333, 2], "texture": "#0"},
				"up": {"uv": [6.33333, 1, 6.66667, 2], "texture": "#0"},
				"down": {"uv": [6.33333, 1, 6.66667, 2], "texture": "#0"}
			}
		},
		{
			"from": [9.99, 11.99, 0.91657],
			"to": [11.01, 15.01, 3.93657],
			"rotation": {"angle": 0, "axis": "y", "origin": [8, 13.11023, 6.85688]},
			"faces": {
				"north": {"uv": [6.33333, 1, 6.66667, 2], "texture": "#0"},
				"east": {"uv": [6.33333, 1, 7.33333, 2], "texture": "#0"},
				"south": {"uv": [6.33333, 1, 6.66667, 2], "texture": "#0"},
				"west": {"uv": [6.33333, 1, 7.33333, 2], "texture": "#0"},
				"up": {"uv": [6.33333, 1, 6.66667, 2], "texture": "#0"},
				"down": {"uv": [6.33333, 1, 6.66667, 2], "texture": "#0"}
			}
		},
		{
			"from": [5, -1, 8],
			"to": [11, 3, 14],
			"rotation": {"angle": 0, "axis": "y", "origin": [13, -1, 13]},
			"faces": {
				"north": {"uv": [12, 1, 14, 2.33333], "texture": "#0"},
				"east": {"uv": [12, 1, 14, 2.33333], "texture": "#0"},
				"south": {"uv": [12, 1, 14, 2.33333], "texture": "#0"},
				"west": {"uv": [12, 1, 14, 2.33333], "texture": "#0"},
				"up": {"uv": [12, 0.66667, 14, 2.66667], "texture": "#0"},
				"down": {"uv": [12, 0.66667, 14, 2.66667], "texture": "#0"}
			}
		},
		{
			"from": [7.5, 11.44224, 1.08699],
			"to": [8.5, 19.44224, 2.08699],
			"rotation": {"angle": 45, "axis": "x", "origin": [8, 3.11023, 1.85688]},
			"faces": {
				"north": {"uv": [0, 0, 0.33333, 2.66667], "texture": "#0"},
				"east": {"uv": [0, 0, 0.33333, 2.66667], "texture": "#0"},
				"south": {"uv": [0, 0, 0.33333, 2.66667], "texture": "#0"},
				"west": {"uv": [0, 0, 0.33333, 2.66667], "texture": "#0"},
				"up": {"uv": [0, 0, 0.33333, 0.33333], "texture": "#0"},
				"down": {"uv": [0, 0, 0.33333, 0.33333], "texture": "#0"}
			}
		},
		{
			"from": [8.5, 13, 1.92657],
			"to": [10.5, 15, 14.92657],
			"rotation": {"angle": 0, "axis": "y", "origin": [8, 13.11023, 6.85688]},
			"faces": {
				"north": {"uv": [6, 0.33333, 5.33333, 1], "texture": "#0"},
				"east": {"uv": [5.33333, 10.66667, 9.66667, 11.33333], "texture": "#0"},
				"south": {"uv": [5.33333, 4.33333, 6, 5], "texture": "#0"},
				"west": {"uv": [9.66667, 10.66667, 5.33333, 11.33333], "texture": "#0"},
				"up": {"uv": [5.33333, 0.33333, 6, 4.66667], "texture": "#0"},
				"down": {"uv": [5.33333, 4.66667, 6, 0.33333], "texture": "#0"}
			}
		},
		{
			"from": [6.5, 4.44224, 0.08699],
			"to": [9.5, 12.44224, 3.08699],
			"rotation": {"angle": 45, "axis": "x", "origin": [8, 3.11023, 1.85688]},
			"faces": {
				"north": {"uv": [5.33333, 0, 6.33333, 2.66667], "texture": "#0"},
				"east": {"uv": [5.33333, 0, 6.33333, 2.66667], "texture": "#0"},
				"south": {"uv": [5.33333, 0, 6.33333, 2.66667], "texture": "#0"},
				"west": {"uv": [5.33333, 0, 6.33333, 2.66667], "texture": "#0"},
				"up": {"uv": [5.33333, 0, 6.33333, 1], "texture": "#0"},
				"down": {"uv": [5.33333, 0, 6.33333, 1], "texture": "#0"}
			}
		},
		{
			"from": [5.5, 1.44224, 0.08699],
			"to": [10.5, 4.44224, 3.08699],
			"rotation": {"angle": 45, "axis": "x", "origin": [8, 3.11023, 1.85688]},
			"faces": {
				"north": {"uv": [5.33333, 4.33333, 7, 5.33333], "texture": "#0"},
				"east": {"uv": [5.33333, 0, 6.33333, 1], "texture": "#0"},
				"south": {"uv": [5.33333, 4.33333, 7, 5.33333], "texture": "#0"},
				"west": {"uv": [5.33333, 0, 6.33333, 1], "texture": "#0"},
				"up": {"uv": [7, 4.33333, 8.66667, 5.33333], "texture": "#0"},
				"down": {"uv": [7, 4.33333, 8.66667, 5.33333], "texture": "#0"}
			}
		},
		{
			"from": [5.5, 3.98848, 4.84723],
			"to": [10.5, 5.98848, 10.84723],
			"rotation": {"angle": -22.5, "axis": "x", "origin": [8, 3.11023, 9.85688]},
			"faces": {
				"north": {"uv": [6.33333, 3.66667, 8, 4], "texture": "#0"},
				"east": {"uv": [6.33333, 2, 6.66667, 4], "rotation": 90, "texture": "#0"},
				"south": {"uv": [6.33333, 2, 8, 2.33333], "rotation": 180, "texture": "#0"},
				"west": {"uv": [6.33333, 2, 6.66667, 4], "rotation": 270, "texture": "#0"},
				"up": {"uv": [6.33333, 4, 8, 2], "texture": "#0"},
				"down": {"uv": [6.33333, 4, 8, 2], "rotation": 180, "texture": "#0"}
			}
		},
		{
			"from": [10.5, 3.63759, 2.22628],
			"to": [11.5, 6.63759, 5.22628],
			"rotation": {"angle": -22.5, "axis": "x", "origin": [8, 3.11023, 9.85688]},
			"faces": {
				"north": {"uv": [6.33333, 1, 6.66667, 2], "texture": "#0"},
				"east": {"uv": [6.33333, 1, 7.33333, 2], "texture": "#0"},
				"south": {"uv": [6.33333, 1, 6.66667, 2], "texture": "#0"},
				"west": {"uv": [6.33333, 1, 7.33333, 2], "texture": "#0"},
				"up": {"uv": [6.33333, 1, 6.66667, 2], "texture": "#0"},
				"down": {"uv": [6.33333, 1, 6.66667, 2], "texture": "#0"}
			}
		},
		{
			"from": [4.5, 3.63759, 2.22628],
			"to": [5.5, 6.63759, 5.22628],
			"rotation": {"angle": -22.5, "axis": "x", "origin": [8, 3.11023, 9.85688]},
			"faces": {
				"north": {"uv": [6.33333, 1, 6.66667, 2], "texture": "#0"},
				"east": {"uv": [6.33333, 1, 7.33333, 2], "texture": "#0"},
				"south": {"uv": [6.33333, 1, 6.66667, 2], "texture": "#0"},
				"west": {"uv": [6.33333, 1, 7.33333, 2], "texture": "#0"},
				"up": {"uv": [6.33333, 1, 6.66667, 2], "texture": "#0"},
				"down": {"uv": [6.33333, 1, 6.66667, 2], "texture": "#0"}
			}
		},
		{
			"from": [4.5, 1.98848, 10.84723],
			"to": [11.5, 5.98848, 14.84723],
			"rotation": {"angle": -22.5, "axis": "x", "origin": [8, 3.11023, 9.85688]},
			"faces": {
				"north": {"uv": [9, 0.33333, 11.33333, 1.66667], "texture": "#0"},
				"east": {"uv": [8.33333, 2.33333, 9.66667, 3.66667], "texture": "#0"},
				"south": {"uv": [9, 0.33333, 11.33333, 1.66667], "texture": "#0"},
				"west": {"uv": [8.33333, 2.33333, 9.66667, 3.66667], "texture": "#0"},
				"up": {"uv": [9, 0.33333, 11.33333, 1.66667], "texture": "#0"},
				"down": {"uv": [9, 0.33333, 11.33333, 1.66667], "texture": "#0"}
			}
		},
		{
			"from": [3, -0.99, 6],
			"to": [13, 0.01, 16],
			"rotation": {"angle": 0, "axis": "y", "origin": [8, -1, 11]},
			"faces": {
				"up": {"uv": [11.33333, 0, 14.66667, 3.33333], "texture": "#0"},
				"down": {"uv": [11.33333, 0, 14.66667, 3.33333], "texture": "#0"}
			}
		}
	],
	"display": {
		"thirdperson_righthand": {
			"rotation": [75, 45, 0],
			"translation": [0, 2.5, 0],
			"scale": [0.375, 0.375, 0.375]
		},
		"thirdperson_lefthand": {
			"rotation": [75, 45, 0],
			"translation": [0, 2.5, 0],
			"scale": [0.375, 0.375, 0.375]
		},
		"firstperson_righthand": {
			"rotation": [0, 45, 0],
			"scale": [0.4, 0.4, 0.4]
		},
		"firstperson_lefthand": {
			"rotation": [0, 225, 0],
			"scale": [0.4, 0.4, 0.4]
		},
		"ground": {
			"translation": [0, 3, 0],
			"scale": [0.25, 0.25, 0.25]
		},
		"gui": {
			"rotation": [30, 225, 0],
			"scale": [0.625, 0.625, 0.625]
		},
		"fixed": {
			"scale": [0.5, 0.5, 0.5]
		}
	}
}