{
	"credit": "Made with Blockbench",
	"parent": "sliding_door_2_open",
	"ambientocclusion": false,
	"texture_size": [64, 64],
	"textures": {
		"0": "RELOADED:blocks/door/sliding_door_2"
	},
	"elements": [
		{
			"from": [-16, 0, 0],
			"to": [16, 32, 0],
			"faces": {
				"north": {"uv": [8, 0, 16, 8], "texture": "#0"},
				"east": {"uv": [8, 0, 8, 8], "texture": "#0"},
				"south": {"uv": [16, 0, 8, 8], "texture": "#0"},
				"west": {"uv": [8, 0, 8, 8], "texture": "#0"},
				"up": {"uv": [8, 0, 16, 0], "texture": "#0"},
				"down": {"uv": [8, 0, 16, 0], "texture": "#0"}
			}
		},
		{
			"from": [-16, 0, 7],
			"to": [16, 32, 7],
			"faces": {
				"north": {"uv": [8, 0, 16, 8], "texture": "#0"},
				"east": {"uv": [8, 0, 8, 8], "texture": "#0"},
				"south": {"uv": [16, 0, 8, 8], "texture": "#0"},
				"west": {"uv": [8, 0, 8, 8], "texture": "#0"},
				"up": {"uv": [8, 0, 16, 0], "texture": "#0"},
				"down": {"uv": [8, 0, 16, 0], "texture": "#0"}
			}
		},
		{
			"from": [15.99, 0, 2],
			"to": [15.99, 32, 5],
			"rotation": {"angle": 0, "axis": "y", "origin": [8, 0, 0]},
			"faces": {
				"north": {"uv": [0, 8, 4, 16], "texture": "#0"},
				"east": {"uv": [0, 0, 0.75, 8], "texture": "#0"},
				"south": {"uv": [4, 8, 0, 16], "texture": "#0"},
				"west": {"uv": [0, 0, 0.75, 8], "texture": "#0"},
				"up": {"uv": [0.75, 0, 4.75, 0.75], "texture": "#0"},
				"down": {"uv": [0.75, 0, 4.75, 0.75], "texture": "#0"}
			}
		},
		{
			"from": [-15.99, 0, 2],
			"to": [-15.99, 32, 5],
			"faces": {
				"north": {"uv": [4, 8, 8, 16], "texture": "#0"},
				"east": {"uv": [0, 0, 0.75, 8], "texture": "#0"},
				"south": {"uv": [0, 8, 4, 16], "texture": "#0"},
				"west": {"uv": [0, 0, 0.75, 8], "texture": "#0"},
				"up": {"uv": [0.75, 0, 4.75, 0.75], "texture": "#0"},
				"down": {"uv": [0.75, 0, 4.75, 0.75], "texture": "#0"}
			}
		}
	],
	"groups": [
		{
			"name": "bone",
			"origin": [0, 0, 0],
			"color": 0,
			"nbt": "{}",
			"armAnimationEnabled": false,
			"children": [0, 1]
		},
		{
			"name": "bone2",
			"origin": [8, 0, 0],
			"color": 0,
			"nbt": "{}",
			"armAnimationEnabled": false,
			"children": [2]
		},
		{
			"name": "bone3",
			"origin": [0, 0, 0],
			"color": 0,
			"nbt": "{}",
			"armAnimationEnabled": false,
			"children": [3]
		}
	]
}