{
	"credit": "Made with Blockbench",
	"ambientocclusion": false,
	"texture_size": [32, 16],
	"textures": {
		"0": "RELOADED:blocks/furniture/wall_monitor",
		"particle": "RELOADED:blocks/furniture/wall_monitor"
	},
	"elements": [
		{
			"from": [0, 1, 11.9],
			"to": [16, 10, 12.9],
			"rotation": {"angle": -22.5, "axis": "x", "origin": [8, 5.5, 13.5]},
			"faces": {
				"north": {"uv": [0, 0, 8, 9], "texture": "#0"},
				"east": {"uv": [0, 0, 0.5, 9], "texture": "#0"},
				"south": {"uv": [8, 0, 16, 9], "texture": "#0"},
				"west": {"uv": [7.5, 0, 8, 9], "texture": "#0"},
				"up": {"uv": [0, 0, 8, 1], "texture": "#0"},
				"down": {"uv": [0, 8, 8, 9], "texture": "#0"}
			}
		},
		{
			"from": [6, 6, 15.5],
			"to": [10, 10, 15.5],
			"faces": {
				"north": {"uv": [0, 9, 2, 13], "texture": "#0"}
			}
		},
		{
			"from": [8, 5, 12],
			"to": [8, 10, 17],
			"faces": {
				"east": {"uv": [2, 9, 4.5, 14], "texture": "#0"},
				"west": {"uv": [4.5, 9, 2, 14], "texture": "#0"}
			}
		}
	],
	"display": {
		"thirdperson_righthand": {
			"rotation": [75, 45, 0],
			"translation": [0, 2.5, 0],
			"scale": [0.375, 0.375, 0.375]
		},
		"thirdperson_lefthand": {
			"rotation": [75, 45, 0],
			"translation": [0, 2.5, 0],
			"scale": [0.375, 0.375, 0.375]
		},
		"firstperson_righthand": {
			"rotation": [0, 45, 0],
			"scale": [0.4, 0.4, 0.4]
		},
		"firstperson_lefthand": {
			"rotation": [0, 225, 0],
			"scale": [0.4, 0.4, 0.4]
		},
		"ground": {
			"translation": [0, 3, 0],
			"scale": [0.25, 0.25, 0.25]
		},
		"gui": {
			"rotation": [30, 225, 0],
			"scale": [0.625, 0.625, 0.625]
		},
		"fixed": {
			"scale": [0.5, 0.5, 0.5]
		}
	}
}