{
	"credit": "Made with Blockbench",
	"texture_size": [48, 48],
	"textures": {
		"0": "RELOADED:blocks/panel/panel"
	},
	"elements": [
		{
			"from": [0, 0, 0],
			"to": [16, 16, 16],
			"faces": {
				"north": {"uv": [10.66667, 10.66667, 16, 16], "texture": "#0"},
				"east": {"uv": [10.66667, 10.66667, 16, 16], "texture": "#0"},
				"south": {"uv": [10.66667, 10.66667, 16, 16], "texture": "#0"},
				"west": {"uv": [10.66667, 10.66667, 16, 16], "texture": "#0"},
				"up": {"uv": [10.66667, 10.66667, 16, 16], "texture": "#0"},
				"down": {"uv": [10.66667, 10.66667, 16, 16], "texture": "#0"}
			}
		},
		{
			"from": [3, 15.01, 1],
			"to": [13, 19.01, 11],
			"rotation": {"angle": 0, "axis": "x", "origin": [8, 6, 7]},
			"faces": {
				"up": {"uv": [11.33333, 0, 14.66667, 3.33333], "rotation": 180, "texture": "#0"},
				"down": {"uv": [11.33333, 0, 14.66667, 3.33333], "rotation": 180, "texture": "#0"}
			}
		},
		{
			"from": [5, 15, 3],
			"to": [11, 19, 9],
			"rotation": {"angle": 0, "axis": "x", "origin": [8, 6, 7]},
			"faces": {
				"north": {"uv": [12, 1, 14, 2.33333], "texture": "#0"},
				"east": {"uv": [12, 1, 14, 2.33333], "texture": "#0"},
				"south": {"uv": [12, 1, 14, 2.33333], "texture": "#0"},
				"west": {"uv": [12, 1, 14, 2.33333], "texture": "#0"},
				"up": {"uv": [12, 0.66667, 14, 2.66667], "rotation": 180, "texture": "#0"},
				"down": {"uv": [12, 0.66667, 14, 2.66667], "rotation": 180, "texture": "#0"}
			}
		},
		{
			"from": [7.5, 10.96429, 16.79202],
			"to": [8.5, 18.96429, 17.79202],
			"rotation": {"angle": -22.5, "axis": "x", "origin": [8, 6, 7]},
			"faces": {
				"north": {"uv": [0, 0, 0.33333, 2.66667], "rotation": 180, "texture": "#0"},
				"east": {"uv": [0, 0, 0.33333, 2.66667], "rotation": 180, "texture": "#0"},
				"south": {"uv": [0, 0, 0.33333, 2.66667], "rotation": 180, "texture": "#0"},
				"west": {"uv": [0, 0, 0.33333, 2.66667], "rotation": 180, "texture": "#0"},
				"up": {"uv": [0, 0, 0.33333, 0.33333], "rotation": 180, "texture": "#0"},
				"down": {"uv": [0, 0, 0.33333, 0.33333], "rotation": 180, "texture": "#0"}
			}
		},
		{
			"from": [6.5, 17.96429, 15.79202],
			"to": [9.5, 25.96429, 18.79202],
			"rotation": {"angle": -22.5, "axis": "x", "origin": [8, 6, 7]},
			"faces": {
				"north": {"uv": [5.33333, 0, 6.33333, 2.66667], "rotation": 180, "texture": "#0"},
				"east": {"uv": [5.33333, 0, 6.33333, 2.66667], "rotation": 180, "texture": "#0"},
				"south": {"uv": [5.33333, 0, 6.33333, 2.66667], "rotation": 180, "texture": "#0"},
				"west": {"uv": [5.33333, 0, 6.33333, 2.66667], "rotation": 180, "texture": "#0"},
				"up": {"uv": [5.33333, 0, 6.33333, 1], "rotation": 180, "texture": "#0"},
				"down": {"uv": [5.33333, 0, 6.33333, 1], "rotation": 180, "texture": "#0"}
			}
		},
		{
			"from": [5.5, 25.96429, 15.79202],
			"to": [10.5, 28.96429, 18.79202],
			"rotation": {"angle": -22.5, "axis": "x", "origin": [8, 6, 7]},
			"faces": {
				"north": {"uv": [5.33333, 4.33333, 7, 5.33333], "rotation": 180, "texture": "#0"},
				"east": {"uv": [5.33333, 0, 6.33333, 1], "rotation": 180, "texture": "#0"},
				"south": {"uv": [5.33333, 4.33333, 7, 5.33333], "rotation": 180, "texture": "#0"},
				"west": {"uv": [5.33333, 0, 6.33333, 1], "rotation": 180, "texture": "#0"},
				"up": {"uv": [7, 4.33333, 8.66667, 5.33333], "rotation": 180, "texture": "#0"},
				"down": {"uv": [7, 4.33333, 8.66667, 5.33333], "rotation": 180, "texture": "#0"}
			}
		},
		{
			"from": [5.5, 21.56565, -1.83502],
			"to": [10.5, 27.56565, 0.16498],
			"rotation": {"angle": 22.5, "axis": "x", "origin": [8, 6, 7]},
			"faces": {
				"north": {"uv": [6.33333, 4, 8, 2], "texture": "#0"},
				"east": {"uv": [6.33333, 2, 6.66667, 4], "texture": "#0"},
				"south": {"uv": [6.33333, 4, 8, 2], "texture": "#0"},
				"west": {"uv": [6.33333, 2, 6.66667, 4], "texture": "#0"},
				"up": {"uv": [6.33333, 3.66667, 8, 4], "texture": "#0"},
				"down": {"uv": [6.33333, 2, 8, 2.33333], "texture": "#0"}
			}
		},
		{
			"from": [4.5, 27.1866, -2.48413],
			"to": [5.5, 30.1866, 0.51587],
			"rotation": {"angle": 22.5, "axis": "x", "origin": [8, 6, 7]},
			"faces": {
				"north": {"uv": [6.33333, 1, 6.66667, 2], "texture": "#0"},
				"east": {"uv": [6.33333, 1, 7.33333, 2], "rotation": 90, "texture": "#0"},
				"south": {"uv": [6.33333, 1, 6.66667, 2], "rotation": 180, "texture": "#0"},
				"west": {"uv": [6.33333, 1, 7.33333, 2], "rotation": 270, "texture": "#0"},
				"up": {"uv": [6.33333, 1, 6.66667, 2], "texture": "#0"},
				"down": {"uv": [6.33333, 1, 6.66667, 2], "rotation": 180, "texture": "#0"}
			}
		},
		{
			"from": [10.5, 27.1866, -2.48413],
			"to": [11.5, 30.1866, 0.51587],
			"rotation": {"angle": 22.5, "axis": "x", "origin": [8, 6, 7]},
			"faces": {
				"north": {"uv": [6.33333, 1, 6.66667, 2], "texture": "#0"},
				"east": {"uv": [6.33333, 1, 7.33333, 2], "rotation": 90, "texture": "#0"},
				"south": {"uv": [6.33333, 1, 6.66667, 2], "rotation": 180, "texture": "#0"},
				"west": {"uv": [6.33333, 1, 7.33333, 2], "rotation": 270, "texture": "#0"},
				"up": {"uv": [6.33333, 1, 6.66667, 2], "texture": "#0"},
				"down": {"uv": [6.33333, 1, 6.66667, 2], "rotation": 180, "texture": "#0"}
			}
		},
		{
			"from": [4.5, 17.56565, -1.83502],
			"to": [11.5, 21.56565, 2.16498],
			"rotation": {"angle": 22.5, "axis": "x", "origin": [8, 6, 7]},
			"faces": {
				"north": {"uv": [9, 0.33333, 11.33333, 1.66667], "texture": "#0"},
				"east": {"uv": [8.33333, 2.33333, 9.66667, 3.66667], "rotation": 90, "texture": "#0"},
				"south": {"uv": [9, 0.33333, 11.33333, 1.66667], "rotation": 180, "texture": "#0"},
				"west": {"uv": [8.33333, 2.33333, 9.66667, 3.66667], "rotation": 270, "texture": "#0"},
				"up": {"uv": [9, 0.33333, 11.33333, 1.66667], "texture": "#0"},
				"down": {"uv": [9, 0.33333, 11.33333, 1.66667], "rotation": 180, "texture": "#0"}
			}
		},
		{
			"from": [6, 16.25, 11.75],
			"to": [10, 16.25, 15.75],
			"rotation": {"angle": 0, "axis": "x", "origin": [8, 6, 7]},
			"faces": {
				"up": {"uv": [8.33333, 2.33333, 9.66667, 3.66667], "rotation": 180, "texture": "#0"}
			}
		}
	],
	"display": {
		"thirdperson_righthand": {
			"rotation": [75, 45, 0],
			"translation": [0, 2.5, 0],
			"scale": [0.375, 0.375, 0.375]
		},
		"thirdperson_lefthand": {
			"rotation": [75, 45, 0],
			"translation": [0, 2.5, 0],
			"scale": [0.375, 0.375, 0.375]
		},
		"firstperson_righthand": {
			"rotation": [0, 45, 0],
			"scale": [0.4, 0.4, 0.4]
		},
		"firstperson_lefthand": {
			"rotation": [0, 225, 0],
			"scale": [0.4, 0.4, 0.4]
		},
		"ground": {
			"translation": [0, 3, 0],
			"scale": [0.25, 0.25, 0.25]
		},
		"gui": {
			"rotation": [30, 225, 0],
			"scale": [0.625, 0.625, 0.625]
		},
		"fixed": {
			"scale": [0.5, 0.5, 0.5]
		}
	},
	"groups": [
		0,
		{
			"name": "group",
			"origin": [8, -1, 11],
			"color": 0,
			"nbt": "{}",
			"children": [1, 2, 3, 4, 5, 6, 7, 8, 9, 10]
		}
	]
}